"","x"
"1",245593000
"2",253834000
"3",636015415
"4",244670658
"5",636021700
"6",636021691
"7",211489210
"8",229723000
"9",244650753
"10",630001042
"11",261183700
"12",249960000
"13",266465000
"14",636016728
"15",244670589
"16",269057124
"17",244670040
"18",248886000
"19",244730705
"20",235009956
"21",247433300
"22",211149890
"23",244660862
"24",271044691
"25",255806230
"26",564167000
"27",354285000
"28",310453000
"29",525021037
"30",244040505
"31",244830183
"32",211477070
"33",236342000
"34",636023390
"35",636014929
"36",244660253
"37",211840920
"38",538008525
"39",257037270
"40",367740790
"41",564688000
"42",219028009
"43",563208100
"44",205269790
"45",211177630
"46",258018390
"47",310779000
"48",563294100
"49",244670779
"50",211511010
"51",257086660
"52",563105500
"53",244650537
"54",311027500
"55",566577000
"56",258858000
"57",352005065
"58",352004278
"59",273443820
"60",209407000
"61",538004167
"62",235112571
"63",244730368
"64",244569000
"65",564149000
"66",205392790
"67",311000112
"68",636017409
"69",226344000
"70",244285000
"71",273356770
"72",244710238
"73",229339000
"74",240620300
"75",538006744
"76",636024827
"77",367455580
"78",477233500
"79",477151700
"80",255802940
"81",636019638
"82",244660565
"83",563028460
"84",311000563
"85",319095200
"86",311000375
"87",218085000
"88",414461000
"89",256661000
"90",241683000
"91",244670280
"92",311001176
"93",205565390
"94",236401000
"95",220516000
"96",538010417
"97",636017859
"98",352898754
"99",538011339
"100",352006081
"101",256468000
"102",269057592
"103",265013000
"104",370813000
"105",311027400
"106",241761000
"107",538010617
"108",211516390
"109",244944000
"110",244371252
"111",211883520
"112",226017260
"113",538008262
"114",244830198
"115",246133000
"116",563654000
"117",211473820
"118",533130819
"119",255806365
"120",244770838
"121",244184282
"122",247253200
"123",244700380
"124",244700197
"125",563030850
"126",636022736
"127",373272000
"128",247273700
"129",563128800
"130",266476000
"131",538003615
"132",538009827
"133",244660418
"134",244090473
"135",256652000
"136",311000467
"137",249332000
"138",255900000
"139",636011267
"140",244650690
"141",230690000
"142",273333980
"143",477938700
"144",636014378
"145",255891000
"146",563074700
"147",352006141
"148",253242337
"149",244700468
"150",269057004
"151",563019900
"152",563069300
"153",244870140
"154",205578190
"155",257898000
"156",244710116
"157",257134800
"158",269057738
"159",636023000
"160",636025670
"161",244710043
"162",205367990
"163",257009050
"164",219775000
"165",352005593
"166",203999427
"167",630001226
"168",228421600
"169",246354000
"170",219814000
"171",538006947
"172",266470000
"173",372240000
"174",255915816
"175",563221000
"176",209221000
"177",636025095
"178",564066000
"179",219011922
"180",205522990
"181",636022867
"182",356502000
"183",338899000
"184",215919000
"185",211178250
"186",248045000
"187",244780453
"188",244670293
"189",244730277
"190",247170100
"191",257833000
"192",477995827
"193",538005119
"194",205743000
"195",266203000
"196",538007666
"197",205585690
"198",563167400
"199",636021821
"200",636014114
"201",305485000
"202",369037000
"203",563049000
"204",244140457
"205",244830609
"206",538011914
"207",311000450
"208",247270600
"209",247338600
"210",538006344
"211",212104000
"212",210412000
"213",235076245
"214",563184500
"215",538006502
"216",247158200
"217",241689000
"218",219034952
"219",244730020
"220",211544210
"221",219008000
"222",246346000
"223",304133000
"224",538010452
"225",257344000
"226",244046289
"227",538006497
"228",241869000
"229",538003857
"230",525300005
"231",244660086
"232",565112000
"233",248637000
"234",538011846
"235",211696830
"236",538011331
"237",253678000
"238",240168000
"239",566475000
"240",563010320
"241",247258500
"242",525110022
"243",636017622
"244",244014993
"245",244730346
"246",211129800
"247",352004810
"248",255890000
"249",205448890
"250",244579288
"251",211531840
"252",244660499
"253",538002778
"254",244024000
"255",205452690
"256",256809000
"257",211664370
"258",257571000
"259",265068510
"260",248891000
"261",636024787
"262",563084860
"263",636092552
"264",247385800
"265",314924000
"266",636021811
"267",667002027
"268",210971000
"269",205344690
"270",241701000
"271",218292000
"272",525015485
"273",525900250
"274",538005322
"275",215935000
"276",257199000
"277",538009772
"278",258105000
"279",215079000
"280",538008270
"281",244670723
"282",248553000
"283",215460000
"284",212717000
"285",228287600
"286",241006000
"287",244700681
"288",564229000
"289",538008844
"290",247156500
"291",636025970
"292",636016188
"293",209137000
"294",271043022
"295",244660478
"296",538003450
"297",533042300
"298",241634000
"299",636021882
"300",636021695
"301",257550000
"302",244710874
"303",205543790
"304",244033335
"305",211189800
"306",244620834
"307",369272000
"308",248095000
"309",244859000
"310",257106400
"311",220614000
"312",367176000
"313",259308000
"314",244784000
"315",352003541
"316",525022146
"317",215490000
"318",248374000
"319",351341000
"320",636016402
"321",224115180
"322",477231700
"323",563097000
"324",538006310
"325",244650593
"326",249347000
"327",563105200
"328",311000903
"329",255801290
"330",636020250
"331",563086610
"332",244790523
"333",370638000
"334",352001945
"335",244740200
"336",636015372
"337",247275300
"338",316051091
"339",276462000
"340",253000076
"341",205252890
"342",636023571
"343",241735000
"344",241523000
"345",244670742
"346",538010978
"347",244620869
"348",235068963
"349",538011272
"350",244700322
"351",636021919
"352",244001909
"353",538012183
"354",205509290
"355",244283000
"356",352005829
"357",636025334
"358",352656000
"359",259936000
"360",370153000
"361",244990998
"362",244000829
"363",538007300
"364",240897000
"365",636022088
"366",352005487
"367",220264000
"368",248295000
"369",269057015
"370",248102000
"371",244660622
"372",205259190
"373",225428000
"374",258849000
"375",244670109
"376",235093299
"377",258090000
"378",257114970
"379",255806155
"380",211553110
"381",211372620
"382",533130658
"383",211429160
"384",316009560
"385",525015894
"386",244036000
"387",211287870
"388",211437690
"389",563271600
"390",352003703
"391",352005882
"392",211550380
"393",205525390
"394",212878000
"395",636017501
"396",538011890
"397",255806146
"398",211196020
"399",338302000
"400",538009345
"401",249225000
"402",259033000
"403",224322230
"404",249750000
"405",636021311
"406",636018234
"407",255806060
"408",244093287
"409",367362010
"410",205515190
"411",211511790
"412",538007411
"413",215090000
"414",636023418
"415",244010716
"416",538005095
"417",636021570
"418",244740684
"419",244660586
"420",247429100
"421",533048600
"422",311001025
"423",211525600
"424",244710879
"425",232046269
"426",244740787
"427",205419290
"428",245165000
"429",368171000
"430",414489000
"431",249092000
"432",244700198
"433",266466000
"434",338110000
"435",205521690
"436",207133000
"437",215581000
"438",248006000
"439",257201600
"440",372324000
"441",244150686
"442",218041250
"443",538010449
"444",636020596
"445",636016398
"446",240871000
"447",636021541
"448",247284200
"449",241359000
"450",636022979
"451",259393000
"452",235103057
"453",211713320
"454",244060885
"455",244890626
"456",266463000
"457",239550200
"458",235007880
"459",205278890
"460",224989000
"461",373568000
"462",566192000
"463",538011175
"464",269057637
"465",215211000
"466",232044985
"467",636018724
"468",244660720
"469",369567000
"470",352005361
"471",370383000
"472",244690485
"473",244181288
"474",209216000
"475",566449000
"476",235108528
"477",352006076
"478",266273000
"479",538005201
"480",538005088
"481",319025300
"482",566608000
"483",257667000
"484",232012089
"485",538007462
"486",311001600
"487",636020423
"488",538002783
"489",249222000
"490",244620990
"491",269057773
"492",249512000
"493",338617000
"494",574005510
"495",236744000
"496",220624000
"497",241518000
"498",353973000
"499",563079500
"500",244660111
"501",431014116
"502",256338000
"503",256197000
"504",271050337
"505",244333000
"506",253242033
"507",244660908
"508",667001378
"509",477345700
"510",215497000
"511",244660639
"512",215013000
"513",269057726
"514",311027600
"515",565472000
"516",366508000
"517",211697170
"518",563009700
"519",244670290
"520",352980842
"521",247256600
"522",255893000
"523",244000046
"524",211472260
"525",269057091
"526",228421700
"527",244650993
"528",244010774
"529",240708000
"530",244016188
"531",574401000
"532",244690787
"533",636093099
"534",538010289
"535",210613000
"536",255915968
"537",244670209
"538",636019181
"539",241349000
"540",244750252
"541",538007007
"542",371737000
"543",564892000
"544",371135000
"545",211555980
"546",273456730
"547",477900100
"548",563180400
"549",244725543
"550",366341000
"551",244660393
"552",538007042
"553",265550210
"554",241675000
"555",352781000
"556",244740035
"557",525801569
"558",419002038
"559",256656000
"560",247149100
"561",244038063
"562",269057747
"563",241733000
"564",210945000
"565",367353110
"566",244149513
"567",219018272
"568",538002947
"569",244255063
"570",563233500
"571",538002622
"572",236385000
"573",240718000
"574",538010878
"575",265610040
"576",636023427
"577",215902000
"578",211285530
"579",205524290
"580",211888150
"581",570294000
"582",563221400
"583",244672781
"584",241463000
"585",311001591
"586",567002780
"587",319591000
"588",205240890
"589",249930000
"590",244650746
"591",241747000
"592",229370000
"593",215698000
"594",248020000
"595",538006366
"596",563271400
"597",563034300
"598",636012629
"599",257008000
"600",275525000
"601",564334000
"602",352003729
"603",210620000
"604",266471000
"605",205508590
"606",563144100
"607",219212000
"608",413513510
"609",352002782
"610",258764000
"611",219029722
"612",563265500
"613",351578000
"614",538011174
"615",211888200
"616",244700045
"617",477997187
"618",244670173
"619",215760000
"620",244994000
"621",245889000
"622",257081000
"623",367703000
"624",352006139
"625",525107016
"626",356958000
"627",211792750
"628",244013009
"629",538005177
"630",244630027
"631",244083478
"632",211188880
"633",232007939
"634",304050982
"635",316050854
"636",240827000
"637",244670169
"638",256346000
"639",244670860
"640",228420800
"641",572572220
"642",265797830
"643",244797142
"644",636023947
"645",261037120
"646",235094449
"647",538003566
"648",237943800
"649",240493000
"650",219671000
"651",304067000
"652",240043800
"653",244313877
"654",244001539
"655",211201080
"656",211664180
"657",244660655
"658",538003850
"659",247373700
"660",205245990
"661",538007621
"662",244810759
"663",367221000
"664",205369090
"665",269057062
"666",235040503
"667",249435000
"668",636024112
"669",431005321
"670",256160000
"671",244000730
"672",211522820
"673",237009100
"674",244375332
"675",211550500
"676",255915981
"677",228446800
"678",245911000
"679",269057352
"680",566579000
"681",211523460
"682",258714000
"683",636019203
"684",249579000
"685",210765000
"686",241794000
"687",668116338
"688",244660513
"689",352001852
"690",247086400
"691",563086060
"692",370159000
"693",229957000
"694",244700853
"695",209275000
"696",244670291
"697",566066000
"698",240132000
"699",319301000
"700",255806303
"701",244710871
"702",211510430
"703",244710866
"704",244110352
"705",244722317
"706",525109016
"707",563085870
"708",211472070
"709",241750000
"710",211486980
"711",538011488
"712",248127000
"713",538010142
"714",259001980
"715",257684000
"716",244750840
"717",305043000
"718",256885000
"719",244137325
"720",211509670
"721",477938600
"722",211789680
"723",209223000
"724",248439000
"725",244050175
"726",249362000
"727",636016407
"728",219407000
"729",352005603
"730",351104000
"731",244723788
"732",538009715
"733",244690078
"734",563271300
"735",244690864
"736",247077500
"737",257941000
"738",261182515
"739",253242286
"740",538010356
"741",265007000
"742",244740681
"743",566241000
"744",227681520
"745",241796000
"746",671552100
"747",211226450
"748",244690453
"749",574005850
"750",235070283
"751",210445000
"752",538009638
"753",366962000
"754",209969000
"755",305007000
"756",538006547
"757",244670298
"758",352002612
"759",244740507
"760",240388000
"761",538011891
"762",205420690
"763",229580000
"764",249567000
"765",636017739
"766",211735640
"767",244670210
"768",257706000
"769",636017970
"770",205703000
"771",319297100
"772",538008271
"773",636022087
"774",211262590
"775",316031773
"776",538002221
"777",224451000
"778",211468560
"779",211428750
"780",255832000
"781",211729530
"782",247287200
"783",538009930
"784",235112065
"785",566842000
"786",226009040
"787",249230000
"788",231917000
"789",566540000
"790",244660820
"791",636020224
"792",244690475
"793",367353080
"794",247270900
"795",240942000
"796",211455300
"797",563211600
"798",248043000
"799",352004308
"800",257968000
"801",247296800
"802",205218590
"803",244660827
"804",311000820
"805",244374114
"806",352004563
"807",244372228
"808",244370444
"809",269057628
"810",244750306
"811",244790535
"812",244000876
"813",249607000
"814",244000543
"815",244870428
"816",244780387
"817",244660423
"818",211333700
"819",636015007
"820",477995928
"821",257230800
"822",215905000
"823",356159000
"824",548351200
"825",244730014
"826",353657000
"827",538001388
"828",256594000
"829",369142000
"830",305793000
"831",566746000
"832",210145000
"833",244670789
"834",253000073
"835",205372690
"836",352001901
"837",636017059
"838",256247000
"839",369043000
"840",211626380
"841",229822000
"842",538007832
"843",309518000
"844",244670102
"845",244001635
"846",255953000
"847",261186488
"848",265063000
"849",205541790
"850",232010294
"851",352002290
"852",218057000
"853",258200000
"854",235108526
"855",311000534
"856",230706000
"857",244890275
"858",244660210
"859",244006327
"860",219032007
"861",226015090
"862",219028418
"863",266468000
"864",525110231
"865",371414000
"866",311000576
"867",316013946
"868",671554100
"869",247284100
"870",636015141
"871",215875000
"872",235076274
"873",244370856
"874",205587990
"875",244690454
"876",218005320
"877",211514890
"878",244130505
"879",224127820
"880",259005800
"881",244090097
"882",244660638
"883",209415000
"884",244700682
"885",636021207
"886",563207500
"887",257595000
"888",244736772
"889",205573990
"890",249658000
"891",244690474
"892",244700200
"893",211888330
"894",257233800
"895",538009744
"896",613709612
"897",205260090
"898",255892000
"899",211612900
"900",538010615
"901",211832730
"902",240870000
"903",244670444
"904",239998600
"905",244660257
"906",316013215
"907",241456000
"908",248109000
"909",636022952
"910",538008826
"911",273450010
"912",244034502
"913",211883810
"914",255735000
"915",244660648
"916",338371000
"917",247439900
"918",244670466
"919",211783290
"920",257479000
"921",244770079
"922",244660725
"923",256448000
"924",255805927
"925",235089046
"926",636020363
"927",257266000
"928",431028212
"929",244001028
"930",311000465
"931",538005409
"932",215018000
"933",210908000
"934",636015145
"935",211395020
"936",228465700
"937",636093403
"938",228296700
"939",244047386
"940",218055210
"941",258802000
"942",218019000
"943",538009396
"944",210107000
"945",636025927
"946",257089150
"947",235115081
"948",205257090
"949",269057472
"950",255915983
"951",256903000
"952",244650607
"953",477410300
"954",477895100
"955",316041032
"956",572836220
"957",563157800
"958",244020000
"959",564230000
"960",211500400
"961",512465000
"962",636018639
"963",211755810
"964",538006546
"965",636018113
"966",265012140
"967",366904000
"968",244860573
"969",205521790
"970",211518200
"971",431012555
"972",257121400
"973",247324900
"974",367336000
"975",255805991
"976",372628000
"977",244670122
"978",211587970
"979",636024115
"980",269057522
"981",253690000
"982",244790994
"983",244710903
"984",255954000
"985",244810632
"986",244130295
"987",257874000
"988",257970000
"989",316011550
"990",636025561
"991",210431000
"992",226005390
"993",244004774
"994",244830512
"995",563273700
"996",265704520
"997",538005408
"998",636024121
"999",563264900
"1000",564739000
"1001",244074390
"1002",567003420
"1003",403643000
"1004",211402850
"1005",248221000
"1006",316003880
"1007",311000111
"1008",205555490
"1009",564302000
"1010",255804460
"1011",636023890
"1012",235007413
"1013",232003788
"1014",244710949
"1015",244059346
"1016",266472000
"1017",370645000
"1018",477855300
"1019",525011127
"1020",369150000
"1021",565823000
"1022",244314633
"1023",525901371
"1024",244700191
"1025",249066000
"1026",244670343
"1027",255805754
"1028",247452200
"1029",566212000
"1030",211891330
"1031",244700192
"1032",525018505
"1033",211510980
"1034",211471880
"1035",219200000
"1036",352001885
"1037",257061880
"1038",205453690
"1039",255805470
"1040",244504782
"1041",257895000
"1042",219031446
"1043",563877000
"1044",538011264
"1045",244650838
"1046",356150000
"1047",352004310
"1048",538006073
"1049",563185000
"1050",244190323
"1051",538008103
"1052",255806384
"1053",244660627
"1054",352005095
"1055",413527080
"1056",244890670
"1057",244192305
"1058",244710523
"1059",253242272
"1060",259279000
"1061",367457000
"1062",477995253
"1063",211765150
"1064",538006688
"1065",219355000
"1066",215135000
"1067",247272700
"1068",311000232
"1069",205229190
"1070",405000238
"1071",240560000
"1072",256765000
"1073",257840000
"1074",244734000
"1075",538011266
"1076",211781030
"1077",255805753
"1078",259134000
"1079",257054580
"1080",205338490
"1081",538003488
"1082",564671000
"1083",271053982
"1084",512219000
"1085",636023953
"1086",229291000
"1087",244660483
"1088",224220360
"1089",563142200
"1090",257364000
"1091",220504000
"1092",211522860
"1093",255806263
"1094",245073000
"1095",356117000
"1096",215077000
"1097",205588890
"1098",241705000
"1099",244002394
"1100",244700651
"1101",247335200
"1102",244730278
"1103",211515230
"1104",525016600
"1105",259746000
"1106",220502000
"1107",261198000
"1108",209835000
"1109",211475070
"1110",636013848
"1111",538008878
"1112",211885360
"1113",247439300
"1114",636022343
"1115",255806519
"1116",538011585
"1117",636020559
"1118",308539000
"1119",244660644
"1120",244710406
"1121",205097000
"1122",211511840
"1123",205523290
"1124",255946000
"1125",357246000
"1126",211547860
"1127",567228000
"1128",574013717
"1129",276538000
"1130",370049000
"1131",613961020
"1132",211507020
"1133",419001940
"1134",370613000
"1135",309924000
"1136",574002750
"1137",244363000
"1138",266457000
"1139",265002000
"1140",371241000
"1141",431020792
"1142",538008334
"1143",205397290
"1144",372373000
"1145",563084440
"1146",273322210
"1147",244790084
"1148",244700009
"1149",244082008
"1150",236668000
"1151",538009231
"1152",244189997
"1153",370854000
"1154",215712000
"1155",563104100
"1156",354324000
"1157",352005153
"1158",241611000
"1159",211876190
"1160",211178650
"1161",244650794
"1162",316012308
"1163",244730565
"1164",563036700
"1165",211550390
"1166",538005403
"1167",244660571
"1168",244670358
"1169",636025256
"1170",564968000
"1171",244001750
"1172",319194000
"1173",563310900
"1174",525100576
"1175",257600000
"1176",257027910
"1177",538005171
"1178",538009222
"1179",538009584
"1180",477997094
"1181",413334020
"1182",244660675
"1183",211590770
"1184",538007915
"1185",244870427
"1186",367102000
"1187",244710549
"1188",636021589
"1189",255802950
"1190",205772000
"1191",355171000
"1192",563126300
"1193",244660099
"1194",636093034
"1195",538010464
"1196",538005406
"1197",431501837
"1198",413319660
"1199",538003859
"1200",354579000
"1201",244029535
"1202",565523000
"1203",563103300
"1204",244602504
"1205",265612300
"1206",255801260
"1207",419001223
"1208",241957000
"1209",232014850
"1210",563053500
"1211",257136000
"1212",211667610
"1213",244660594
"1214",574005560
"1215",636024374
"1216",205580590
"1217",205283000
"1218",266212000
"1219",245669000
"1220",636013683
"1221",228444600
"1222",220442000
"1223",247274700
"1224",636017500
"1225",256516000
"1226",247438800
"1227",636021135
"1228",565974000
"1229",211483260
"1230",244650699
"1231",249085000
"1232",211474450
"1233",210299000
"1234",211624430
"1235",255915982
"1236",205217890
"1237",246878000
"1238",636016710
"1239",256717000
"1240",310773000
"1241",205269190
"1242",244660328
"1243",211514600
"1244",511101558
"1245",566255000
"1246",538008580
"1247",219034373
"1248",636025340
"1249",244974329
"1250",205535490
"1251",269057059
"1252",370592000
"1253",244663833
"1254",224994000
"1255",636021359
"1256",566134000
"1257",563166200
"1258",273271850
"1259",412493000
"1260",538005398
"1261",316015050
"1262",563077880
"1263",419756000
"1264",244377391
"1265",244710352
"1266",240205400
"1267",366525000
"1268",211757370
"1269",255917254
"1270",244650659
"1271",477997154
"1272",211216720
"1273",636015176
"1274",219805000
"1275",211792410
"1276",431005242
"1277",636022923
"1278",244630651
"1279",253470000
"1280",219222000
"1281",211511740
"1282",563023490
"1283",212422000
"1284",354919000
"1285",305265000
"1286",636016293
"1287",255806329
"1288",563021100
"1289",248163000
"1290",367690000
"1291",205501290
"1292",563033300
"1293",211821950
"1294",563603000
"1295",244317074
"1296",212883000
"1297",244001544
"1298",367771000
"1299",244000788
"1300",636016653
"1301",636015834
"1302",212228000
"1303",538008268
"1304",563313900
"1305",538003726
"1306",563012720
"1307",667001303
"1308",563766000
"1309",525119133
"1310",244397268
"1311",255707000
"1312",215345000
"1313",311000632
"1314",212874000
"1315",244890116
"1316",244000542
"1317",352005898
"1318",205423000
"1319",664444000
"1320",256791000
"1321",538010089
"1322",244780231
"1323",538005799
"1324",366826000
"1325",563085320
"1326",368295000
"1327",244187966
"1328",244730210
"1329",244770013
"1330",636023258
"1331",210106000
"1332",563020300
"1333",244660048
"1334",244127656
"1335",244700253
"1336",215064000
"1337",255806156
"1338",244329000
"1339",209825000
"1340",249997000
"1341",338188000
"1342",245610000
"1343",538008084
"1344",241699000
"1345",538010472
"1346",563258800
"1347",244690994
"1348",636016613
"1349",211283460
"1350",241212000
"1351",477997080
"1352",205691000
"1353",563092000
"1354",244670754
"1355",211277260
"1356",210048000
"1357",566549000
"1358",538003712
"1359",257041900
"1360",244130477
"1361",636017541
"1362",219028423
"1363",244660401
"1364",341531002
"1365",244013148
"1366",538005093
"1367",565512000
"1368",211782050
"1369",205542090
"1370",240688000
"1371",244650324
"1372",538005822
"1373",538005186
"1374",211186690
"1375",244100879
"1376",244770608
"1377",244700930
"1378",477996519
"1379",205551390
"1380",563056100
"1381",566582000
"1382",477129100
"1383",266475000
"1384",257562000
"1385",235308000
"1386",215052000
"1387",219028049
"1388",309022000
"1389",205564990
"1390",249723000
"1391",538007896
"1392",259314000
"1393",440034000
"1394",525301422
"1395",211510910
"1396",244830176
"1397",636021941
"1398",352001465
"1399",211514340
"1400",374022000
"1401",538003617
"1402",563708000
"1403",525201794
"1404",271051403
"1405",276260000
"1406",352001456
"1407",244042656
"1408",563129100
"1409",244810921
"1410",538005089
"1411",266473000
"1412",244770798
"1413",538009013
"1414",538005558
"1415",244670978
"1416",244690411
"1417",244130872
"1418",566687000
"1419",563231400
"1420",211442250
"1421",355759000
"1422",205549290
"1423",226340000
"1424",636022670
"1425",245405000
"1426",218006040
"1427",205238190
"1428",431004876
"1429",563013300
"1430",205393190
"1431",257093000
"1432",248621000
"1433",244202194
"1434",209672000
"1435",269057835
"1436",220603000
"1437",244670899
"1438",356922000
"1439",279202573
"1440",636023557
"1441",244001040
"1442",255916482
"1443",374465000
"1444",370360000
"1445",563269500
"1446",241415000
"1447",269057455
"1448",244670190
"1449",244700193
"1450",211511750
"1451",205505590
"1452",232006301
"1453",525401167
"1454",525107019
"1455",257956000
"1456",211367550
"1457",209168000
"1458",211484420
"1459",218027120
"1460",613427200
"1461",352005601
"1462",238296000
"1463",371326000
"1464",256354000
"1465",244620841
"1466",311041700
"1467",211514040
"1468",563406000
"1469",369914055
"1470",574927000
"1471",205553090
"1472",563217500
"1473",372298000
"1474",269057072
"1475",525701047
"1476",367036000
"1477",244700131
"1478",244740453
"1479",567002850
"1480",211139860
"1481",563082690
"1482",538006488
"1483",566680000
"1484",538010989
"1485",563001270
"1486",311000766
"1487",230212000
"1488",244690328
"1489",205521990
"1490",244670103
"1491",255806265
"1492",215238000
"1493",244630427
"1494",244660114
"1495",352005936
"1496",205104000
"1497",211626510
"1498",241132000
"1499",241654000
"1500",244710207
"1501",244660152
"1502",431001715
"1503",244902363
"1504",244376425
"1505",563140200
"1506",244630829
"1507",246541000
"1508",636015142
"1509",351075000
"1510",477996392
"1511",205435190
"1512",244780045
"1513",244670834
"1514",668116220
"1515",244650812
"1516",244750309
"1517",244700044
"1518",258310000
"1519",244750081
"1520",211446560
"1521",667002070
"1522",538004199
"1523",244170263
"1524",565513000
"1525",235076283
"1526",219029880
"1527",244001504
"1528",244660646
"1529",538007911
"1530",563127800
"1531",244030670
"1532",244690367
"1533",244660891
"1534",227689560
"1535",636013998
"1536",564189000
"1537",373711000
"1538",236507000
"1539",431019444
"1540",211319650
"1541",244650711
"1542",538009153
"1543",220625000
"1544",538011648
"1545",215033000
"1546",355388000
"1547",538011464
"1548",563091800
"1549",563134900
"1550",257568000
"1551",205310590
"1552",563014650
"1553",244660475
"1554",244660092
"1555",211511860
"1556",564966000
"1557",244620876
"1558",538002621
"1559",373373000
"1560",477147100
"1561",211520250
"1562",601045610
"1563",244078768
"1564",477218200
"1565",256029000
"1566",538007270
"1567",636091569
"1568",636021961
"1569",563326000
"1570",244670588
"1571",477995140
"1572",211788670
"1573",249128000
"1574",566709000
"1575",563314800
"1576",211785210
"1577",636025309
"1578",244660564
"1579",244042312
"1580",636015972
"1581",244700905
"1582",244860721
"1583",636022962
"1584",209507000
"1585",269057051
"1586",564886000
"1587",538011442
"1588",244670406
"1589",431006926
"1590",538007962
"1591",249912000
"1592",310482000
"1593",209048000
"1594",563059900
"1595",269057781
"1596",244670741
"1597",257084120
"1598",269057061
"1599",431009366
"1600",269057644
"1601",374112000
"1602",538009778
"1603",538010187
"1604",538011938
"1605",231875000
"1606",357792000
"1607",636022080
"1608",244750641
"1609",244123290
"1610",311001583
"1611",247482200
"1612",525008045
"1613",255917262
"1614",565102000
"1615",565968000
"1616",565081000
"1617",244780380
"1618",269057052
"1619",244790186
"1620",244700188
"1621",255915671
"1622",269057040
"1623",205230390
"1624",563100900
"1625",601010710
"1626",211744760
"1627",244000152
"1628",352002843
"1629",636022759
"1630",538002779
"1631",211744260
"1632",636020922
"1633",338607000
"1634",244660252
"1635",477996186
"1636",230707000
"1637",538006371
"1638",244730016
"1639",244690333
"1640",566598000
"1641",563024500
"1642",244820369
"1643",533132156
"1644",431016396
"1645",566686000
"1646",244670070
"1647",565173000
"1648",563132900
"1649",211511520
"1650",205253090
"1651",246940000
"1652",244066000
"1653",236112746
"1654",248409000
"1655",352006129
"1656",636022216
"1657",273251810
"1658",538011847
"1659",266420000
"1660",567000521
"1661",235055062
"1662",338221000
"1663",477548800
"1664",538090654
"1665",563250100
"1666",244790522
"1667",248011000
"1668",244750922
"1669",538009204
"1670",503000162
"1671",211303380
"1672",538006249
"1673",244131439
"1674",205568590
"1675",667002335
"1676",211493530
"1677",244620875
"1678",253242258
"1679",255915649
"1680",538011812
"1681",257206000
"1682",255915979
"1683",244700915
"1684",257374000
"1685",636023384
"1686",211809000
"1687",257089140
"1688",431004247
"1689",215909000
"1690",244670566
"1691",244890292
"1692",354114000
"1693",311001702
"1694",525018278
"1695",235076265
"1696",564375000
"1697",259111000
"1698",566065000
"1699",565946000
"1700",219010252
"1701",636021781
"1702",205571790
"1703",229015000
"1704",311000634
"1705",241646000
"1706",563067430
"1707",211455520
"1708",369042000
"1709",211162470
"1710",258715000
"1711",525008053
"1712",247430200
"1713",538008913
"1714",244131247
"1715",244058019
"1716",367219000
"1717",636018930
"1718",244830182
"1719",236112740
"1720",538009781
"1721",244030715
"1722",266220000
"1723",503720000
"1724",235098058
"1725",431017776
"1726",636015349
"1727",636019539
"1728",563237700
"1729",538007133
"1730",352906000
"1731",209351000
"1732",249781000
"1733",244660419
"1734",205406790
"1735",244660500
"1736",538011483
"1737",244650960
"1738",211512080
"1739",247174500
"1740",205085300
"1741",567601000
"1742",244312901
"1743",563130300
"1744",667001256
"1745",247069600
"1746",229767000
"1747",244810693
"1748",249810000
"1749",244700788
"1750",259888000
"1751",255916282
"1752",220634000
"1753",538002784
"1754",538008169
"1755",667001451
"1756",253242513
"1757",244700830
"1758",244700385
"1759",257409000
"1760",565843000
"1761",253000049
"1762",636020839
"1763",356899000
"1764",352003713
"1765",538011334
"1766",244630115
"1767",257370000
"1768",636014499
"1769",244710869
"1770",244186831
"1771",477142400
"1772",205262090
"1773",563065100
"1774",266266000
"1775",266454000
"1776",259191000
"1777",255803560
"1778",232032994
"1779",210051000
"1780",211812980
"1781",211519980
"1782",244750375
"1783",352004406
"1784",211516510
"1785",636019628
"1786",211881000
"1787",236111791
"1788",255804270
"1789",248897000
"1790",374007000
"1791",563182900
"1792",257872000
"1793",319469000
"1794",636019204
"1795",538005118
"1796",211741810
"1797",563219000
"1798",566754000
"1799",269057010
"1800",533132046
"1801",244124317
"1802",303668000
"1803",209341000
"1804",235054768
"1805",636023630
"1806",538003439
"1807",352002521
"1808",244020463
"1809",525100910
"1810",209987000
"1811",563134600
"1812",241809000
"1813",239869900
"1814",477895800
"1815",255806231
"1816",269057098
"1817",538011055
"1818",309368000
"1819",352003580
"1820",311000306
"1821",636025317
"1822",538011558
"1823",236112059
"1824",215122000
"1825",205517990
"1826",440066260
"1827",563253500
"1828",563080900
"1829",636016659
"1830",538005776
"1831",636016364
"1832",212654000
"1833",538007403
"1834",477932600
"1835",244620933
"1836",636023377
"1837",241467000
"1838",563033100
"1839",563302000
"1840",205566790
"1841",211271090
"1842",431000312
"1843",220018000
"1844",241528000
"1845",211523910
"1846",218060950
"1847",219027463
"1848",538006079
"1849",636024466
"1850",525119081
"1851",244118578
"1852",255916315
"1853",232057630
"1854",244660067
"1855",244184725
"1856",352005486
"1857",247482400
"1858",636024894
"1859",563267100
"1860",636023106
"1861",636019071
"1862",257742000
"1863",601046040
"1864",219031111
"1865",636022010
"1866",236111974
"1867",367134000
"1868",205471190
"1869",215481000
"1870",538008843
"1871",240787000
"1872",244660264
"1873",311027700
"1874",566287000
"1875",563252500
"1876",538008807
"1877",219029025
"1878",477252100
"1879",533133251
"1880",249702000
"1881",211515220
"1882",636023955
"1883",205522890
"1884",525006041
"1885",563137100
"1886",538010019
"1887",219640000
"1888",563031300
"1889",352002184
"1890",211645510
"1891",241287000
"1892",269057642
"1893",219000034
"1894",244650651
"1895",205575290
"1896",352004593
"1897",244740942
"1898",538006489
"1899",352001410
"1900",244184211
"1901",566392000
"1902",255806426
"1903",255916258
"1904",256105000
"1905",244094180
"1906",352898743
"1907",311000340
"1908",244700820
"1909",244700449
"1910",563248800
"1911",564526000
"1912",249445000
"1913",431001562
"1914",564287000
"1915",211845090
"1916",574001370
"1917",255806320
"1918",636018900
"1919",431000162
"1920",352004315
"1921",244660520
"1922",352006245
"1923",246776000
"1924",477100100
"1925",253242242
"1926",533132049
"1927",211536330
"1928",352005699
"1929",231910000
"1930",211494230
"1931",636018114
"1932",525601953
"1933",244410000
"1934",636011282
"1935",565662000
"1936",563856000
"1937",265724260
"1938",244670745
"1939",205546690
"1940",244700201
"1941",255806196
"1942",325847000
"1943",211576840
"1944",269057316
"1945",273324590
"1946",205327890
"1947",211252860
"1948",276869000
"1949",565838000
"1950",636024470
"1951",566103000
"1952",431000529
"1953",211513250
"1954",211796120
"1955",244012849
"1956",566209000
"1957",311001723
"1958",269057351
"1959",248870000
"1960",564974000
"1961",636020815
"1962",566116000
"1963",247288900
"1964",244129550
"1965",431015093
"1966",636017832
"1967",311001411
"1968",538002073
"1969",244615886
"1970",565957000
"1971",241330000
"1972",566601000
"1973",538090715
"1974",269057029
"1975",431011509
"1976",477996959
"1977",244710872
"1978",269057643
"1979",636025995
"1980",244000835
"1981",636017774
"1982",563294700
"1983",244719540
"1984",636024028
"1985",413595490
"1986",563221200
"1987",211487210
"1988",538010419
"1989",538008516
"1990",236683000
"1991",351885000
"1992",244650754
"1993",303520000
"1994",205538390
"1995",210340000
"1996",249817000
"1997",477995233
"1998",244001923
"1999",210155000
"2000",244700884
"2001",255917000
"2002",244710710
"2003",205542590
"2004",205426890
"2005",246545000
"2006",253242448
"2007",205555790
"2008",244710736
"2009",205576690
"2010",245094000
"2011",563623000
"2012",538008320
"2013",269057328
"2014",244710484
"2015",563104200
"2016",477318800
"2017",244730543
"2018",224101930
"2019",211733740
"2020",525018052
"2021",369580000
"2022",241406000
"2023",319147800
"2024",244790936
"2025",367677560
"2026",355294000
"2027",205578390
"2028",253242285
"2029",232063064
"2030",538012096
"2031",352004984
"2032",563260500
"2033",244719111
"2034",244700689
"2035",205547690
"2036",269057001
"2037",636019077
"2038",211540960
"2039",244670511
"2040",563162500
"2041",241741000
"2042",244690365
"2043",413595480
"2044",244770901
"2045",271040189
"2046",244044538
"2047",477779200
"2048",211517600
"2049",244076547
"2050",257998000
"2051",374542000
"2052",538006076
"2053",244660420
"2054",244813000
"2055",636014739
"2056",636021730
"2057",211404140
"2058",269056766
"2059",205415190
"2060",477996014
"2061",219179000
"2062",538002852
"2063",210253000
"2064",253242440
"2065",311001573
"2066",525200832
"2067",249544000
"2068",477997316
"2069",611000271
"2070",271043255
"2071",413858000
"2072",247529100
"2073",257601000
"2074",352001633
"2075",636024785
"2076",205488290
"2077",563314700
"2078",244670283
"2079",226015340
"2080",247369100
"2081",352002251
"2082",477242700
"2083",244670735
"2084",248888000
"2085",563239700
"2086",211520360
"2087",244034582
"2088",279202730
"2089",341328002
"2090",266436000
"2091",244670098
"2092",211268380
"2093",636019233
"2094",240565000
"2095",244690784
"2096",255916105
"2097",431874000
"2098",352002032
"2099",244029412
"2100",477686100
"2101",538003122
"2102",565919000
"2103",352002332
"2104",636015619
"2105",244733530
"2106",538007627
"2107",253242295
"2108",244770607
"2109",563085930
"2110",538009232
"2111",235098061
"2112",431000301
"2113",211875230
"2114",566639000
"2115",219695000
"2116",244020721
"2117",244670451
"2118",636012630
"2119",211476020
"2120",205528890
"2121",636025046
"2122",244394699
"2123",564735000
"2124",351931000
"2125",563882000
"2126",205262190
"2127",244859480
"2128",244716806
"2129",248024000
"2130",205345790
"2131",236669000
"2132",271053805
"2133",244660018
"2134",219558000
"2135",431003903
"2136",563065560
"2137",563052000
"2138",255806149
"2139",215574000
"2140",211510940
"2141",253000001
"2142",244620196
"2143",244034413
"2144",352003849
"2145",253000077
"2146",211785120
"2147",538011327
"2148",244690223
"2149",265056000
"2150",256989000
"2151",244020943
"2152",577376000
"2153",538010172
"2154",228423800
"2155",235089284
"2156",566091000
"2157",525300082
"2158",244138386
"2159",566532000
"2160",219333000
"2161",255915987
"2162",244780213
"2163",235087256
"2164",211748260
"2165",244730150
"2166",566685000
"2167",261184910
"2168",211541290
"2169",211759510
"2170",244867550
"2171",431016922
"2172",257082000
"2173",356423000
"2174",649136000
"2175",533130753
"2176",211781080
"2177",244030857
"2178",249962000
"2179",211741410
"2180",255916483
"2181",244002662
"2182",205576390
"2183",563204400
"2184",269057080
"2185",211517290
"2186",215466000
"2187",244020530
"2188",563096600
"2189",636021568
"2190",355971000
"2191",565761000
"2192",636013764
"2193",538008582
"2194",565404000
"2195",566210000
"2196",431011753
"2197",205526290
"2198",253242441
"2199",431301018
"2200",244010776
"2201",212532000
"2202",255916563
"2203",256361000
"2204",211531660
"2205",211475880
"2206",244820331
"2207",636013611
"2208",563774000
"2209",563028800
"2210",247489300
"2211",244700427
"2212",211590200
"2213",244136747
"2214",205553390
"2215",205208690
"2216",325366000
"2217",211386030
"2218",244000826
"2219",563765000
"2220",525201488
"2221",636014973
"2222",271040610
"2223",211519100
"2224",219024550
"2225",538005249
"2226",257635000
"2227",211785530
"2228",244012291
"2229",244660087
"2230",211509480
"2231",211500770
"2232",566930000
"2233",311000666
"2234",269057837
"2235",432892000
"2236",205369890
"2237",244660616
"2238",255806227
"2239",211473920
"2240",271047132
"2241",538005387
"2242",205583590
"2243",636025684
"2244",477996907
"2245",244670357
"2246",211864700
"2247",636025263
"2248",538008092
"2249",247046400
"2250",244002399
"2251",210745000
"2252",563038000
"2253",538004032
"2254",538006178
"2255",244740941
"2256",211328590
"2257",211530930
"2258",563027990
"2259",255915853
"2260",368247000
"2261",244650571
"2262",525119069
"2263",244025989
"2264",253242474
"2265",244371109
"2266",563132700
"2267",205568390
"2268",241929000
"2269",352004909
"2270",244371189
"2271",219357000
"2272",244670155
"2273",538007646
"2274",244660094
"2275",205267390
"2276",563207400
"2277",563085890
"2278",538090717
"2279",205334390
"2280",636017991
"2281",211516560
"2282",538010262
"2283",211253890
"2284",636019828
"2285",211177620
"2286",244620782
"2287",566511000
"2288",244630019
"2289",311001585
"2290",566982000
"2291",244660587
"2292",636022191
"2293",563107700
"2294",461000243
"2295",316053534
"2296",244660413
"2297",566019000
"2298",525104001
"2299",244660377
"2300",538003549
"2301",244670836
"2302",241614000
"2303",538005911
"2304",244013087
"2305",636015105
"2306",525014220
"2307",256831000
"2308",205523890
"2309",431028115
"2310",271053558
"2311",636023588
"2312",244630148
"2313",244000953
"2314",352596000
"2315",538006543
"2316",255806151
"2317",253242277
"2318",269057566
"2319",256469000
"2320",244747975
"2321",211239740
"2322",431009442
"2323",636024246
"2324",244700207
"2325",244819057
"2326",538006081
"2327",244650323
"2328",563263800
"2329",255805250
"2330",431501701
"2331",563228600
"2332",636093336
"2333",352514000
"2334",431501664
"2335",241604000
"2336",419002055
"2337",211787250
"2338",564333000
"2339",461000234
"2340",566701000
"2341",211496450
"2342",218041230
"2343",311000633
"2344",563215600
"2345",211883510
"2346",244710182
"2347",538007095
"2348",636013376
"2349",244127849
"2350",538009755
"2351",205419690
"2352",249086000
"2353",353587000
"2354",613511600
"2355",566218000
"2356",636013380
"2357",244100187
"2358",244012683
"2359",211822470
"2360",244182422
"2361",211383970
"2362",367481310
"2363",636021496
"2364",431005092
"2365",247219700
"2366",205348590
"2367",565299000
"2368",244670267
"2369",431000792
"2370",525022410
"2371",244630100
"2372",256205000
"2373",636020892
"2374",249502000
"2375",244670266
"2376",244690901
"2377",538009895
"2378",667001249
"2379",538008333
"2380",538009668
"2381",565733000
"2382",257643000
"2383",563711000
"2384",211513810
"2385",256929000
"2386",232016768
"2387",211821210
"2388",548265500
"2389",525017081
"2390",244660477
"2391",205394990
"2392",244822424
"2393",357460000
"2394",244181901
"2395",636019496
"2396",548295100
"2397",229468000
"2398",538010362
"2399",431008000
"2400",244700582
"2401",235098053
"2402",205533990
"2403",253242498
"2404",667002323
"2405",636020061
"2406",538008423
"2407",244750986
"2408",244820397
"2409",255915743
"2410",244031318
"2411",311000481
"2412",566386000
"2413",244650777
"2414",525023138
"2415",244630353
"2416",255915896
"2417",636017134
"2418",205587090
"2419",566530000
"2420",211136490
"2421",338879000
"2422",255915642
"2423",255801280
"2424",563067500
"2425",566799000
"2426",305850000
"2427",244750076
"2428",566496000
"2429",211520390
"2430",244630814
"2431",525012143
"2432",269056415
"2433",431862000
"2434",566724000
"2435",244313824
"2436",219315000
"2437",563125800
"2438",563258600
"2439",538008206
"2440",205212890
"2441",563250300
"2442",205404390
"2443",215903000
"2444",244650709
"2445",354290000
"2446",244001596
"2447",566702000
"2448",244780534
"2449",255915980
"2450",211625180
"2451",211435700
"2452",316018880
"2453",357011000
"2454",431010743
"2455",244004022
"2456",210325000
"2457",563112800
"2458",205587390
"2459",563182700
"2460",211508260
"2461",244780488
"2462",413255730
"2463",636016661
"2464",431009421
"2465",431002201
"2466",636020882
"2467",205530290
"2468",477995062
"2469",244181389
"2470",255915985
"2471",244085940
"2472",431004027
"2473",636022945
"2474",525107018
"2475",563060700
"2476",244001324
"2477",412016580
"2478",564780000
"2479",244670062
"2480",247245300
"2481",431602326
"2482",565923000
"2483",255916283
"2484",235008440
"2485",211219600
"2486",248940000
"2487",255806058
"2488",244670858
"2489",352709000
"2490",431000173
"2491",538008670
"2492",533957000
"2493",244670159
"2494",244058655
"2495",247325600
"2496",255915978
"2497",244921844
"2498",241025000
"2499",563022600
"2500",244110397
"2501",563111600
"2502",211439110
"2503",232059165
"2504",211806580
"2505",257960000
"2506",205249490
"2507",636013615
"2508",229446000
"2509",563069100
"2510",563025390
"2511",261186487
"2512",566480000
"2513",205378590
"2514",255915986
"2515",477995137
"2516",304040000
"2517",211274030
"2518",431020732
"2519",563315300
"2520",565452000
"2521",244090224
"2522",503788000
"2523",477584200
"2524",255916087
"2525",563084060
"2526",241933000
"2527",244660096
"2528",244040672
"2529",355057000
"2530",244721362
"2531",563024400
"2532",636020246
"2533",244690991
"2534",209217000
"2535",253242489
"2536",352005775
"2537",249498000
"2538",636025443
"2539",244670932
"2540",431800677
"2541",636024206
"2542",636093028
"2543",636017986
"2544",636024968
"2545",211775790
"2546",246359000
"2547",538010210
"2548",226009650
"2549",244630141
"2550",253000115
"2551",249581000
"2552",636019310
"2553",477996801
"2554",205290590
"2555",244218882
"2556",244046000
"2557",636093062
"2558",211142640
"2559",244870573
"2560",226015180
"2561",259787000
"2562",356677000
"2563",257868000
"2564",636025560
"2565",477848800
"2566",642122013
"2567",563235700
"2568",563140100
"2569",352003562
"2570",244170753
"2571",247223700
"2572",565574000
"2573",244087627
"2574",218031050
"2575",205442290
"2576",269057005
"2577",477995284
"2578",572879220
"2579",269057137
"2580",432396000
"2581",205553000
"2582",240490800
"2583",319768000
"2584",373594000
"2585",563246900
"2586",431004506
"2587",215750000
"2588",246970000
"2589",440875000
"2590",538010699
"2591",255805370
"2592",253000069
"2593",247486100
"2594",372905000
"2595",432945000
"2596",636018579
"2597",538004968
"2598",563744000
"2599",215994000
"2600",218030600
"2601",244722764
"2602",248951000
"2603",205403390
"2604",211749240
"2605",563206500
"2606",249694000
"2607",563264600
"2608",253242385
"2609",211632510
"2610",477995065
"2611",564861000
"2612",563069950
"2613",477995357
"2614",566691000
"2615",538005753
"2616",211664350
"2617",319084600
"2618",303270000
"2619",244700415
"2620",310699000
"2621",205260390
"2622",269057360
"2623",538005511
"2624",271045135
"2625",253000074
"2626",636014251
"2627",205580990
"2628",563248400
"2629",244002228
"2630",563208200
"2631",563542000
"2632",244070355
"2633",244005969
"2634",265059000
"2635",538005202
"2636",244721416
"2637",636015941
"2638",209219000
"2639",372571000
"2640",228292700
"2641",215730000
"2642",211541590
"2643",244006037
"2644",563069500
"2645",244620914
"2646",232019341
"2647",249711000
"2648",230688000
"2649",205217290
"2650",265057000
"2651",563283000
"2652",247381000
"2653",243042594
"2654",563057800
"2655",563098800
"2656",210390000
"2657",256837000
"2658",244387072
"2659",431005056
"2660",563033240
"2661",211694420
"2662",636021546
"2663",271042562
"2664",563619000
"2665",248889000
"2666",211504720
"2667",244810599
"2668",636021464
"2669",229447000
"2670",352003508
"2671",244860636
"2672",538005407
"2673",367054000
"2674",563889000
"2675",205572990
"2676",244660256
"2677",244660392
"2678",432634000
"2679",309998000
"2680",563083790
"2681",273335920
"2682",372419000
"2683",538007841
"2684",431501663
"2685",244660703
"2686",563233400
"2687",211548450
"2688",244670831
"2689",269057800
"2690",244660421
"2691",563056400
"2692",636020128
"2693",266464000
"2694",244700991
"2695",566163000
"2696",273358180
"2697",236283000
"2698",257069560
"2699",244690543
"2700",432702000
"2701",525271053
"2702",636022682
"2703",213433000
"2704",205578990
"2705",244780955
"2706",636022279
"2707",367597640
"2708",566373000
"2709",211813320
"2710",477997157
"2711",563180600
"2712",205346890
"2713",636016683
"2714",565643000
"2715",224142890
"2716",244009995
"2717",205491290
"2718",525007403
"2719",613429702
"2720",563162400
"2721",261185590
"2722",211789740
"2723",566385000
"2724",256209000
"2725",205570090
"2726",305794000
"2727",255806229
"2728",244137783
"2729",244630605
"2730",244670245
"2731",636024970
"2732",205575690
"2733",636014910
"2734",205563990
"2735",636022583
"2736",431010268
"2737",477150200
"2738",477021500
"2739",367353660
"2740",357800000
"2741",205045800
"2742",244900072
"2743",205528990
"2744",218038720
"2745",249747000
"2746",205502790
"2747",374728000
"2748",477996679
"2749",701125000
"2750",205534890
"2751",269057280
"2752",538010032
"2753",563163100
"2754",538003481
"2755",563117800
"2756",273278750
"2757",244660356
"2758",211883180
"2759",244276006
"2760",211555310
"2761",636025953
"2762",413347470
"2763",566976000
"2764",668116342
"2765",563227500
"2766",311807000
"2767",431019648
"2768",253242279
"2769",244020207
"2770",316013209
"2771",261185230
"2772",431000384
"2773",244710876
"2774",636018753
"2775",311000765
"2776",413230950
"2777",244373489
"2778",431023116
"2779",257555000
"2780",538006764
"2781",244670059
"2782",211473910
"2783",538007465
"2784",477995381
"2785",209577000
"2786",352285000
"2787",229754000
"2788",219015298
"2789",256746000
"2790",244394136
"2791",538005248
"2792",636019920
"2793",563214900
"2794",440696000
"2795",205564590
"2796",538009972
"2797",563021200
"2798",212660000
"2799",269057206
"2800",265061000
"2801",566612000
"2802",431402035
"2803",232056397
"2804",211290330
"2805",244650813
"2806",271042475
"2807",244660414
"2808",244140886
"2809",247431300
"2810",566538000
"2811",230689000
"2812",563144300
"2813",244093294
"2814",319017600
"2815",269057581
"2816",244740576
"2817",205581790
"2818",215078000
"2819",647553024
"2820",244710164
"2821",563071760
"2822",636021208
"2823",228440900
"2824",563251100
"2825",533133126
"2826",244029556
"2827",241324000
"2828",244830109
"2829",538002220
"2830",244005917
"2831",269057007
"2832",244660255
"2833",245675000
"2834",538011720
"2835",244710843
"2836",563160500
"2837",563119500
"2838",538010789
"2839",538005240
"2840",269057139
"2841",565592000
"2842",352006112
"2843",205575790
"2844",319445000
"2845",636022940
"2846",257037140
"2847",249791000
"2848",247427900
"2849",538002883
"2850",269057119
"2851",232038978
"2852",211494220
"2853",219764000
"2854",636022367
"2855",629009782
"2856",636016400
"2857",525007290
"2858",538010209
"2859",538008424
"2860",244750518
"2861",269057129
"2862",241618000
"2863",244001312
"2864",431013102
"2865",352978182
"2866",566474000
"2867",431010586
"2868",244780360
"2869",341453001
"2870",255915977
"2871",431140000
"2872",247104500
"2873",431608000
"2874",244670673
"2875",244710230
"2876",525601154
"2877",538006809
"2878",636019201
"2879",563140000
"2880",636017880
"2881",271048050
"2882",244810462
"2883",211494200
"2884",636093044
"2885",244670277
"2886",253000070
"2887",636093049
"2888",205500990
"2889",248941000
"2890",249821000
"2891",563206900
"2892",211487500
"2893",431001151
"2894",244700236
"2895",258277000
"2896",636019198
"2897",265058000
"2898",210096000
"2899",273453430
"2900",215382000
"2901",211881800
"2902",403647000
"2903",636019167
"2904",565282000
"2905",566555000
"2906",538006507
"2907",228415700
"2908",563190900
"2909",636023559
"2910",211496350
"2911",229319000
"2912",636021569
"2913",224327160
"2914",563079390
"2915",215534000
"2916",241866000
"2917",431018367
"2918",244041882
"2919",248791000
"2920",224805000
"2921",244700574
"2922",477995338
"2923",269057089
"2924",244730209
"2925",352480000
"2926",255806404
"2927",249294000
"2928",273267340
"2929",440033000
"2930",667002501
"2931",211259760
"2932",538011921
"2933",209296000
"2934",755127000
"2935",525016675
"2936",244660967
"2937",244050158
"2938",211855130
"2939",205479890
"2940",538008142
"2941",255806341
"2942",636021853
"2943",211806570
"2944",477996981
"2945",224882000
"2946",244267000
"2947",566753000
"2948",563033250
"2949",205578090
"2950",273618730
"2951",636024469
"2952",374989000
"2953",241423000
"2954",244020589
"2955",538006840
"2956",352003982
"2957",244670168
"2958",244515000
"2959",211496510
"2960",477694500
"2961",215178000
"2962",630001207
"2963",367393330
"2964",205509590
"2965",352002241
"2966",477105700
"2967",636021482
"2968",431019458
"2969",316017550
"2970",352002243
"2971",525101819
"2972",304201000
"2973",215858000
"2974",271000716
"2975",248315000
"2976",565261000
"2977",503016010
"2978",241734000
"2979",211782820
"2980",256257000
"2981",667002291
"2982",257131000
"2983",218006030
"2984",374204000
"2985",273267690
"2986",563096800
"2987",205473290
"2988",271047982
"2989",249706000
"2990",247171100
"2991",211486580
"2992",245313000
"2993",356195000
"2994",636023876
"2995",245286000
"2996",636021474
"2997",538010212
"2998",525008081
"2999",211885370
"3000",563225500
"3001",574005680
"3002",538011450
"3003",244041722
"3004",229869000
"3005",259105000
"3006",248964000
"3007",215933000
"3008",538005418
"3009",228437800
"3010",255917239
"3011",563078700
"3012",211515740
"3013",563037800
"3014",636019297
"3015",566072000
"3016",431019168
"3017",431618000
"3018",538005865
"3019",533180004
"3020",244000828
"3021",565996000
"3022",636016149
"3023",565603000
"3024",232063279
"3025",228473700
"3026",477539200
"3027",636019548
"3028",357315000
"3029",563445000
"3030",574002830
"3031",219624000
"3032",219332000
"3033",636015336
"3034",266001000
"3035",538008724
"3036",636016361
"3037",563029230
"3038",209356000
"3039",369225000
"3040",255916024
"3041",219432000
"3042",636014701
"3043",219034365
"3044",354306000
"3045",477728200
"3046",538010129
"3047",244821257
"3048",279202709
"3049",352146000
"3050",538007098
"3051",256784000
"3052",563299500
"3053",257145000
"3054",244335000
"3055",319459000
"3056",244754426
"3057",574004960
"3058",477112900
"3059",563153900
"3060",205771000
"3061",352002931
"3062",563216700
"3063",563243700
"3064",525007390
"3065",219758000
"3066",636020366
"3067",538010423
"3068",431010785
"3069",244039113
"3070",538009898
"3071",244870429
"3072",567002230
"3073",311000974
"3074",229645000
"3075",563227700
"3076",219309000
"3077",259319000
"3078",244820290
"3079",244727225
"3080",413607840
"3081",441983000
"3082",249566000
"3083",636018566
"3084",249811000
"3085",257071620
"3086",352797000
"3087",229456000
"3088",431026668
"3089",237829800
"3090",477043500
"3091",244009864
"3092",636012425
"3093",413527980
"3094",566849000
"3095",432707000
"3096",244670433
"3097",566000000
"3098",244010731
"3099",232026709
"3100",538009779
"3101",563037600
"3102",235106302
"3103",256954000
"3104",305255000
"3105",228420700
"3106",636093032
"3107",477997186
"3108",246108000
"3109",310816000
"3110",356251000
"3111",249955000
"3112",219032954
"3113",258152000
"3114",636015251
"3115",244690316
"3116",241853000
"3117",563038490
"3118",244070112
"3119",205208790
"3120",352001650
"3121",566638000
"3122",255916284
"3123",247223600
"3124",564344000
"3125",244733590
"3126",413468760
"3127",367353090
"3128",567463000
"3129",563013800
"3130",273272850
"3131",563038700
"3132",431005553
"3133",563102300
"3134",636024537
"3135",477996955
"3136",205157000
"3137",477985200
"3138",244184029
"3139",538090714
"3140",374548000
"3141",432809000
"3142",477023700
"3143",538010458
"3144",244700688
"3145",525119160
"3146",538011713
"3147",244001023
"3148",249862000
"3149",244630015
"3150",244715300
"3151",355037000
"3152",566339000
"3153",210225000
"3154",244804936
"3155",241716000
"3156",352002459
"3157",566030000
"3158",477996613
"3159",538010144
"3160",244094246
"3161",636021772
"3162",431003277
"3163",219031135
"3164",256223000
"3165",244670404
"3166",351532000
"3167",431001837
"3168",538006745
"3169",636014478
"3170",414731000
"3171",244740788
"3172",259372000
"3173",538011471
"3174",563562000
"3175",413376430
"3176",228372600
"3177",256398000
"3178",257980000
"3179",244001503
"3180",636018723
"3181",246881000
"3182",636022581
"3183",210855000
"3184",667001645
"3185",563624000
"3186",305851000
"3187",538010608
"3188",538009367
"3189",304070000
"3190",244556367
"3191",211749250
"3192",565218000
"3193",477854500
"3194",636024741
"3195",229561000
"3196",255806138
"3197",563853000
"3198",636021410
"3199",563261200
"3200",255806224
"3201",461000329
"3202",273351780
"3203",314001065
"3204",256838000
"3205",244630043
"3206",229259000
"3207",266002000
"3208",244650132
"3209",311001179
"3210",271002685
"3211",211809560
"3212",205184000
"3213",477708900
"3214",211501520
"3215",352002622
"3216",538006132
"3217",477711700
"3218",244087055
"3219",413346120
"3220",538003431
"3221",244730614
"3222",205575390
"3223",538011177
"3224",538003001
"3225",205571290
"3226",244750249
"3227",477340400
"3228",240438000
"3229",353287000
"3230",431200000
"3231",218050010
"3232",477493700
"3233",244690332
"3234",212123000
"3235",636014902
"3236",563215500
"3237",533057200
"3238",269057053
"3239",636021383
"3240",205585890
"3241",244558635
"3242",249803000
"3243",244700581
"3244",538008626
"3245",538005094
"3246",636024606
"3247",215865000
"3248",312794000
"3249",563266100
"3250",244690521
"3251",636020115
"3252",205259790
"3253",352002939
"3254",232064564
"3255",255916300
"3256",538004975
"3257",538009686
"3258",636025818
"3259",366273000
"3260",211756140
"3261",564368000
"3262",244700794
"3263",538005401
"3264",220514000
"3265",563120700
"3266",244710402
"3267",477995927
"3268",257729000
"3269",247487800
"3270",566007000
"3271",636019541
"3272",249948000
"3273",269057620
"3274",440241000
"3275",525201554
"3276",414829000
"3277",477584600
"3278",636024551
"3279",248054000
"3280",373367000
"3281",273439180
"3282",249957000
"3283",244138927
"3284",311000548
"3285",636023949
"3286",525012255
"3287",256392000
"3288",228461800
"3289",613572604
"3290",244670108
"3291",538007278
"3292",413573510
"3293",205371190
"3294",244660412
"3295",477194200
"3296",205551590
"3297",538005551
"3298",352001897
"3299",566841000
"3300",205524390
"3301",244105935
"3302",352004737
"3303",538007561
"3304",211368460
"3305",338158000
"3306",563336000
"3307",567070700
"3308",244630720
"3309",431013662
"3310",563138800
"3311",311001845
"3312",257942000
"3313",503000219
"3314",477293800
"3315",636023285
"3316",269057016
"3317",538002922
"3318",636019145
"3319",538010193
"3320",256077000
"3321",244868792
"3322",205435990
"3323",525006215
"3324",613661400
"3325",563087300
"3326",273458830
"3327",636022700
"3328",311000379
"3329",413395130
"3330",211804140
"3331",636022218
"3332",636015248
"3333",312491000
"3334",667002425
"3335",244740404
"3336",220637000
"3337",354409000
"3338",257899000
"3339",563759000
"3340",215800600
"3341",249475000
"3342",636024676
"3343",636017596
"3344",247326000
"3345",374638000
"3346",352002560
"3347",273271950
"3348",566824000
"3349",413228740
"3350",229449000
"3351",311026700
"3352",244790972
"3353",257569000
"3354",563223700
"3355",258568000
"3356",271043403
"3357",538009886
"3358",636020880
"3359",371353000
"3360",538006177
"3361",310757000
"3362",567072100
"3363",431003374
"3364",567002110
"3365",244658378
"3366",563180100
"3367",259928000
"3368",636019362
"3369",244070891
"3370",477229900
"3371",248716000
"3372",413392340
"3373",563138900
"3374",567001490
"3375",248531000
"3376",538090716
"3377",244003840
"3378",413176000
"3379",244170779
"3380",211487450
"3381",371008000
"3382",269057858
"3383",316018750
"3384",249028000
"3385",244180739
"3386",209387000
"3387",211513350
"3388",248148000
"3389",244730048
"3390",244670574
"3391",563121600
"3392",211850250
"3393",316011950
"3394",563079600
"3395",247346000
"3396",667001407
"3397",244660054
"3398",563249400
"3399",636025474
"3400",211241700
"3401",219644000
"3402",211555440
"3403",636017828
"3404",636020804
"3405",244700668
"3406",461000282
"3407",563259800
"3408",211439370
"3409",367337960
"3410",245934000
"3411",310787000
"3412",701007053
"3413",241962000
"3414",244040891
"3415",247275900
"3416",636023108
"3417",370799000
"3418",538005869
"3419",209610000
"3420",215194000
"3421",352001838
"3422",244740786
"3423",419746000
"3424",565699000
"3425",419001673
"3426",667002199
"3427",241371000
"3428",538006544
"3429",311038000
"3430",563028450
"3431",370755000
"3432",525107008
"3433",431018478
"3434",565888000
"3435",372990000
"3436",367688000
"3437",352004147
"3438",211437930
"3439",371294000
"3440",538007126
"3441",211334230
"3442",431400317
"3443",352001786
"3444",538010456
"3445",601890200
"3446",636023325
"3447",244750103
"3448",352003633
"3449",271044525
"3450",211589800
"3451",369040000
"3452",240732000
"3453",244678000
"3454",563014600
"3455",211804170
"3456",431006012
"3457",525801312
"3458",244010955
"3459",538011054
"3460",249848000
"3461",632001103
"3462",244700414
"3463",244750822
"3464",357492000
"3465",538005404
"3466",431015824
"3467",533132083
"3468",636023661
"3469",946588683
"3470",244710367
"3471",538010127
"3472",367067110
"3473",209066000
"3474",533130844
"3475",538005584
"3476",431004049
"3477",244857000
"3478",229546000
"3479",636021090
"3480",205556690
"3481",352001148
"3482",269057853
"3483",677027900
"3484",563271100
"3485",256312000
"3486",636018231
"3487",244690300
"3488",636020778
"3489",565516000
"3490",255915690
"3491",538009138
"3492",431006887
"3493",538008717
"3494",352006406
"3495",636021573
"3496",538004031
"3497",219499000
"3498",538010463
"3499",431014021
"3500",626557000
"3501",538004371
"3502",247451100
"3503",236263000
"3504",567065800
"3505",563451000
"3506",211712470
"3507",636017481
"3508",477996494
"3509",211883850
"3510",215436000
"3511",636016397
"3512",255804280
"3513",538007040
"3514",563071600
"3515",605076052
"3516",255915589
"3517",632001152
"3518",567073200
"3519",636022405
"3520",229692000
"3521",255806262
"3522",525500366
"3523",247235100
"3524",244060192
"3525",538006038
"3526",538005319
"3527",211516810
"3528",341341000
"3529",538011411
"3530",256376000
"3531",238256000
"3532",352003080
"3533",548696300
"3534",563191500
"3535",636020130
"3536",211500430
"3537",636013157
"3538",563217900
"3539",257389000
"3540",538010648
"3541",538009542
"3542",574002130
"3543",244670734
"3544",235095979
"3545",431101164
"3546",563083810
"3547",563262400
"3548",374345000
"3549",538010090
"3550",538005553
"3551",205576290
"3552",247102500
"3553",249879000
"3554",312882000
"3555",210408000
"3556",273272260
"3557",636019764
"3558",215567000
"3559",710009260
"3560",352005045
"3561",219151000
"3562",244620628
"3563",241843000
"3564",636016290
"3565",636023011
"3566",636021735
"3567",538011549
"3568",311000334
"3569",636018546
"3570",563027640
"3571",566009000
"3572",565122000
"3573",636015107
"3574",563136900
"3575",538006168
"3576",205278990
"3577",563086270
"3578",538011231
"3579",352003070
"3580",538011451
"3581",215860000
"3582",563082400
"3583",255831000
"3584",211706940
"3585",477995372
"3586",246478000
"3587",255804750
"3588",269057045
"3589",567001760
"3590",563265900
"3591",636021867
"3592",232006300
"3593",461000284
"3594",431004957
"3595",311000574
"3596",538010003
"3597",431020877
"3598",538010128
"3599",538010234
"3600",477191800
"3601",353727000
"3602",477995371
"3603",564300000
"3604",247182500
"3605",314001158
"3606",369703000
"3607",255916548
"3608",249223000
"3609",211123690
"3610",310744000
"3611",249044000
"3612",636014675
"3613",431010068
"3614",636022582
"3615",538002609
"3616",211551690
"3617",564863000
"3618",564778000
"3619",338500000
"3620",564616000
"3621",525114069
"3622",244056000
"3623",236747000
"3624",636025427
"3625",563059500
"3626",244660530
"3627",477133600
"3628",457357000
"3629",205248590
"3630",548630200
"3631",525701052
"3632",563165300
"3633",255984000
"3634",564590000
"3635",538011013
"3636",244670157
"3637",563009160
"3638",431019136
"3639",244670697
"3640",667002414
"3641",271050332
"3642",308665000
"3643",372894000
"3644",431001006
"3645",210665000
"3646",211511770
"3647",232017125
"3648",431884000
"3649",565453000
"3650",215532000
"3651",563126600
"3652",241659000
"3653",431013371
"3654",636022275
"3655",563081500
"3656",255804690
"3657",211645330
"3658",667002336
"3659",636021904
"3660",431003801
"3661",564462000
"3662",636014637
"3663",244093320
"3664",309832000
"3665",341444001
"3666",563214200
"3667",563258900
"3668",431000692
"3669",356307000
"3670",538008785
"3671",525109008
"3672",215825000
"3673",311000477
"3674",256757000
"3675",431024669
"3676",256212000
"3677",636025471
"3678",309987000
"3679",211394510
"3680",244790272
"3681",205574090
"3682",352179000
"3683",249083000
"3684",538006211
"3685",563175200
"3686",431012174
"3687",235116958
"3688",244077643
"3689",211552670
"3690",567615000
"3691",253242356
"3692",636020805
"3693",538005552
"3694",368009250
"3695",636023992
"3696",610107156
"3697",244004465
"3698",257772000
"3699",447087000
"3700",538011520
"3701",372616000
"3702",538002402
"3703",311000222
"3704",563226900
"3705",538009156
"3706",205567190
"3707",563141000
"3708",205297690
"3709",311076800
"3710",303031000
"3711",352002083
"3712",248058000
"3713",431014789
"3714",219021350
"3715",525121033
"3716",710003613
"3717",701123000
"3718",431001061
"3719",311001072
"3720",422200600
"3721",228475600
"3722",211671400
"3723",636022982
"3724",431000080
"3725",431017196
"3726",319301900
"3727",249989000
"3728",563276900
"3729",636023468
"3730",563308800
"3731",219759000
"3732",352001097
"3733",538008923
"3734",538003352
"3735",256614000
"3736",271002603
"3737",211747180
"3738",212651000
"3739",355051000
"3740",205376090
"3741",244376509
"3742",249941000
"3743",244630657
"3744",249451000
"3745",203999335
"3746",205370590
"3747",244790148
"3748",219426000
"3749",525108006
"3750",525020223
"3751",447187000
"3752",565288000
"3753",255714000
"3754",211280440
"3755",525107020
"3756",205548290
"3757",211664590
"3758",248159000
"3759",538010840
"3760",525701319
"3761",636021498
"3762",253000037
"3763",273273930
"3764",431009737
"3765",311019200
"3766",211551260
"3767",311000631
"3768",352004997
"3769",574379000
"3770",613271404
"3771",244700498
"3772",256286000
"3773",538009852
"3774",269057536
"3775",310731000
"3776",636020424
"3777",211833710
"3778",354833000
"3779",219018897
"3780",211273730
"3781",244035772
"3782",308871000
"3783",253242499
"3784",257351000
"3785",244620953
"3786",229476000
"3787",215045000
"3788",235067397
"3789",244021954
"3790",244315946
"3791",667001624
"3792",563117900
"3793",477716300
"3794",374577000
"3795",273352450
"3796",538003301
"3797",258795000
"3798",211620610
"3799",352001126
"3800",567059800
"3801",565894000
"3802",210688000
"3803",431021928
"3804",241517000
"3805",431014828
"3806",636025525
"3807",244140972
"3808",701124000
"3809",538010912
"3810",244316022
"3811",211511900
"3812",352004375
"3813",636014252
"3814",226015160
"3815",269057128
"3816",431001401
"3817",566135000
"3818",567522000
"3819",370408000
"3820",431023494
"3821",211669150
"3822",244650834
"3823",636017331
"3824",477099600
"3825",701006413
"3826",613327400
"3827",538008876
"3828",403096001
"3829",271052911
"3830",636021708
"3831",538004215
"3832",440532000
"3833",241692000
"3834",219019067
"3835",355464000
"3836",563133700
"3837",273266690
"3838",667002072
"3839",431023752
"3840",538011370
"3841",431006905
"3842",564011000
"3843",249575000
"3844",256047000
"3845",352003668
"3846",431501741
"3847",314001079
"3848",255916523
"3849",538008872
"3850",563074600
"3851",538010567
"3852",613541600
"3853",356673000
"3854",244671549
"3855",636018716
"3856",248347000
"3857",255803880
"3858",538009183
"3859",538003346
"3860",257081350
"3861",431000689
"3862",636016315
"3863",538005601
"3864",574754439
"3865",636024122
"3866",636026010
"3867",567621000
"3868",211515880
"3869",563353000
"3870",636020734
"3871",271000747
"3872",538008858
"3873",256462000
"3874",710032130
"3875",244620890
"3876",211592070
"3877",244859614
"3878",563480000
"3879",477648200
"3880",566592000
"3881",211848160
"3882",403653000
"3883",563034430
"3884",232005015
"3885",636024377
"3886",253242357
"3887",538011943
"3888",244672643
"3889",310478000
"3890",211668470
"3891",244750376
"3892",367633000
"3893",240949000
"3894",538010371
"3895",538011596
"3896",257225800
"3897",269057848
"3898",249379000
"3899",247013600
"3900",244690366
"3901",477754700
"3902",356324000
"3903",211594440
"3904",431400324
"3905",567053600
"3906",563191800
"3907",636025492
"3908",636022972
"3909",211490510
"3910",244058470
"3911",266469000
"3912",310499000
"3913",244630005
"3914",211811850
"3915",247279600
"3916",667001617
"3917",352001198
"3918",247434600
"3919",636018862
"3920",228470900
"3921",352003871
"3922",564412000
"3923",525119127
"3924",246823000
"3925",244041794
"3926",566946000
"3927",636013113
"3928",477858500
"3929",431012056
"3930",352002473
"3931",356522000
"3932",636013409
"3933",244660487
"3934",256480000
"3935",248586000
"3936",613004310
"3937",256550000
"3938",273259630
"3939",256465000
"3940",431004666
"3941",431000823
"3942",247351000
"3943",246697000
"3944",205262290
"3945",371068000
"3946",244690528
"3947",538009012
"3948",211582600
"3949",248547000
"3950",372668000
"3951",256453000
"3952",244660097
"3953",219641000
"3954",309891000
"3955",211806560
"3956",538007544
"3957",244048153
"3958",563243900
"3959",431013386
"3960",538010059
"3961",256694000
"3962",314086000
"3963",538004246
"3964",477996035
"3965",403557000
"3966",538002920
"3967",209391000
"3968",205222790
"3969",538010363
"3970",352001408
"3971",244660422
"3972",431005551
"3973",431002821
"3974",210254000
"3975",352001682
"3976",219466000
"3977",271044090
"3978",667001252
"3979",405000239
"3980",352005437
"3981",533130976
"3982",525121086
"3983",256549000
"3984",247408700
"3985",374455000
"3986",538008263
"3987",563249100
"3988",636015705
"3989",258669000
"3990",563194600
"3991",259082000
"3992",312802000
"3993",566931000
"3994",205488090
"3995",538005402
"3996",246240000
"3997",240836000
"3998",307031000
"3999",273264340
"4000",538010923
"4001",211777370
"4002",257066990
"4003",244001092
"4004",565446000
"4005",244690469
"4006",538009203
"4007",308371000
"4008",636021918
"4009",538006776
"4010",258724000
"4011",563073220
"4012",533131065
"4013",613271708
"4014",563147000
"4015",244750947
"4016",538011104
"4017",563080100
"4018",636022668
"4019",211747720
"4020",563063200
"4021",431004165
"4022",319602000
"4023",563020660
"4024",210324000
"4025",224302000
"4026",538003191
"4027",218023640
"4028",341581001
"4029",525103014
"4030",273347600
"4031",229873000
"4032",431004555
"4033",463064101
"4034",636014069
"4035",563048500
"4036",244730905
"4037",341495000
"4038",563214100
"4039",249276000
"4040",244150137
"4041",477631400
"4042",563041900
"4043",563048100
"4044",431002865
"4045",351376000
"4046",525108015
"4047",244750356
"4048",249598000
"4049",211888600
"4050",667001798
"4051",236399000
"4052",538005825
"4053",563083550
"4054",249437000
"4055",256380000
"4056",538005478
"4057",249224000
"4058",636021705
"4059",244660135
"4060",525119038
"4061",525008120
"4062",241673000
"4063",235104739
"4064",229953000
"4065",533110736
"4066",431003736
"4067",215071000
"4068",338227000
"4069",205348990
"4070",566867000
"4071",229535000
"4072",538003678
"4073",319120100
"4074",525121045
"4075",538010102
"4076",249343000
"4077",533132152
"4078",649115000
"4079",566821000
"4080",636019649
"4081",564681000
"4082",352001225
"4083",563256600
"4084",538010468
"4085",311001527
"4086",341592001
"4087",636021985
"4088",538009926
"4089",205237290
"4090",564060000
"4091",403573000
"4092",563264200
"4093",211738130
"4094",205487390
"4095",538012063
"4096",351221000
"4097",636093165
"4098",565507000
"4099",273277060
"4100",431100938
"4101",538011125
"4102",352002699
"4103",636022167
"4104",211271050
"4105",636022487
"4106",244137539
"4107",431000745
"4108",565660000
"4109",205495690
"4110",370758000
"4111",636025228
"4112",219554000
"4113",211513790
"4114",309201000
"4115",211464830
"4116",357862000
"4117",211192140
"4118",309739000
"4119",249452000
"4120",636025154
"4121",229775000
"4122",351840000
"4123",352413000
"4124",230687000
"4125",357571000
"4126",374380000
"4127",211471210
"4128",636018799
"4129",352004267
"4130",249981000
"4131",255801270
"4132",477351300
"4133",352003368
"4134",636024742
"4135",567625000
"4136",241455000
"4137",566813000
"4138",567220000
"4139",636021827
"4140",352181000
"4141",215705000
"4142",636014088
"4143",215389000
"4144",564409000
"4145",567002580
"4146",538007532
"4147",538011659
"4148",367353070
"4149",244021929
"4150",538005496
"4151",538011980
"4152",245323000
"4153",319093800
"4154",636024873
"4155",249855000
"4156",511101398
"4157",215089000
"4158",511101819
"4159",477581500
"4160",636023326
"4161",636023033
"4162",314001155
"4163",636016699
"4164",477745100
"4165",352005597
"4166",341386002
"4167",563045300
"4168",477995263
"4169",431000783
"4170",352002951
"4171",245689000
"4172",636021874
"4173",538008008
"4174",226002270
"4175",314001015
"4176",244083800
"4177",309065000
"4178",215519000
"4179",271051922
"4180",613271403
"4181",212770000
"4182",311001272
"4183",258202000
"4184",241662000
"4185",538010487
"4186",244140444
"4187",403515001
"4188",636024951
"4189",232006297
"4190",503000080
"4191",257501000
"4192",563069200
"4193",566013000
"4194",352005622
"4195",241649000
"4196",565553000
"4197",533131041
"4198",477995207
"4199",565257000
"4200",249828000
"4201",431390000
"4202",636023284
"4203",211450430
"4204",356141000
"4205",577678000
"4206",352346000
"4207",247325500
"4208",244650553
"4209",636015722
"4210",636093390
"4211",205544190
"4212",257083750
"4213",563299600
"4214",373740000
"4215",431005249
"4216",565358000
"4217",564034000
"4218",228432800
"4219",477185200
"4220",477996738
"4221",244731686
"4222",563203400
"4223",352003781
"4224",353411000
"4225",205581690
"4226",255916096
"4227",431007017
"4228",273257910
"4229",538006974
"4230",257085990
"4231",356248000
"4232",525901471
"4233",309975000
"4234",352002937
"4235",440295000
"4236",755075000
"4237",755003887
"4238",259360000
"4239",374773000
"4240",244031286
"4241",461000239
"4242",312375000
"4243",538006762
"4244",256278000
"4245",257449000
"4246",563068500
"4247",440150000
"4248",636093398
"4249",352004064
"4250",538003961
"4251",256585000
"4252",563145200
"4253",636023957
"4254",354850000
"4255",271049308
"4256",244670638
"4257",431009162
"4258",431008542
"4259",431001931
"4260",370682000
"4261",636024896
"4262",636023892
"4263",533132192
"4264",563164700
"4265",564807000
"4266",636015150
"4267",205769000
"4268",256196000
"4269",211572680
"4270",431001082
"4271",269057131
"4272",636020503
"4273",538010450
"4274",636017084
"4275",257928000
"4276",563103000
"4277",215054000
"4278",563205300
"4279",240752600
"4280",215552000
"4281",352003797
"4282",257456000
"4283",636019634
"4284",352005321
"4285",440037000
"4286",533133476
"4287",244209247
"4288",440438000
"4289",304955000
"4290",477854600
"4291",636023881
"4292",205770000
"4293",235095972
"4294",538005616
"4295",310853000
"4296",636022885
"4297",667002025
"4298",538004030
"4299",611000229
"4300",548431500
"4301",219182000
"4302",248516000
"4303",211894840
"4304",271002726
"4305",248080000
"4306",477931300
"4307",244660172
"4308",257825000
"4309",636025668
"4310",636020784
"4311",538010898
"4312",477996843
"4313",352001849
"4314",563017700
"4315",574490000
"4316",352003949
"4317",563205600
"4318",538008154
"4319",253000005
"4320",319106900
"4321",215057000
"4322",241764000
"4323",341322002
"4324",538003630
"4325",205229000
"4326",273371330
"4327",538012094
"4328",352001378
"4329",538008886
"4330",244660404
"4331",369914058
"4332",229632000
"4333",636021742
"4334",636024947
"4335",636013239
"4336",255915771
"4337",565504000
"4338",241409000
"4339",244000935
"4340",244670733
"4341",538009097
"4342",303104000
"4343",354671000
"4344",258910000
"4345",352003756
"4346",248333000
"4347",257509000
"4348",538005786
"4349",403529001
"4350",477547800
"4351",215242000
"4352",311000706
"4353",538009465
"4354",538012016
"4355",255915611
"4356",664445000
"4357",314001122
"4358",368515000
"4359",636024789
"4360",306269000
"4361",219420000
"4362",636017797
"4363",563180700
"4364",259156000
"4365",563484000
"4366",355437000
"4367",248587000
"4368",258047000
"4369",563247400
"4370",352001822
"4371",636023880
"4372",246553000
"4373",538003929
"4374",538005780
"4375",503014310
"4376",211395150
"4377",636022066
"4378",256489000
"4379",636021162
"4380",256419000
"4381",219303000
"4382",241965000
"4383",525801170
"4384",352090000
"4385",226010550
"4386",538007494
"4387",246301000
"4388",725000794
"4389",249971000
"4390",565960000
"4391",538090616
"4392",244620740
"4393",248604000
"4394",563014800
"4395",538005221
"4396",248022000
"4397",563171200
"4398",563071400
"4399",538011663
"4400",538003677
"4401",538012188
"4402",211141900
"4403",566630000
"4404",355093000
"4405",271046350
"4406",441244000
"4407",636019152
"4408",253242437
"4409",563047100
"4410",572456220
"4411",538010673
"4412",256755000
"4413",352003182
"4414",548212366
"4415",249677000
"4416",316053441
"4417",636012767
"4418",563097600
"4419",273376490
"4420",210336000
"4421",538003362
"4422",271042693
"4423",538008914
"4424",370246000
"4425",414836000
"4426",259127000
"4427",231884000
"4428",249541000
"4429",538004638
"4430",636018092
"4431",253242369
"4432",563285100
"4433",563216100
"4434",538007359
"4435",368199000
"4436",215953000
"4437",538011194
"4438",244710873
"4439",205549490
"4440",244650106
"4441",219415000
"4442",247434700
"4443",312407000
"4444",538005077
"4445",247450100
"4446",273250630
"4447",310664000
"4448",538009745
"4449",311001850
"4450",548234100
"4451",636025816
"4452",636017773
"4453",431401974
"4454",352005467
"4455",538006743
"4456",215234000
"4457",352898796
"4458",353360000
"4459",636021103
"4460",211454200
"4461",533048500
"4462",256391000
"4463",356923000
"4464",345030071
"4465",211434550
"4466",538011191
"4467",244092000
"4468",248047000
"4469",525121060
"4470",352006279
"4471",211520770
"4472",354087000
"4473",257919000
"4474",563268400
"4475",356916000
"4476",565897000
"4477",310550000
"4478",373263000
"4479",345200021
"4480",244237788
"4481",247318400
"4482",352978139
"4483",440265000
"4484",244750924
"4485",636018945
"4486",525008095
"4487",352002817
"4488",538011431
"4489",636024948
"4490",374912000
"4491",477884800
"4492",538005073
"4493",352003445
"4494",256878000
"4495",538007275
"4496",244670835
"4497",563504000
"4498",538007825
"4499",550750123
"4500",374614000
"4501",566240000
"4502",538011697
"4503",235096859
"4504",371669000
"4505",548766000
"4506",311000261
"4507",538009582
"4508",538006312
"4509",352001342
"4510",566200000
"4511",273399050
"4512",563179600
"4513",269057490
"4514",374207000
"4515",431000926
"4516",352001123
"4517",211173680
"4518",309904000
"4519",636022888
"4520",567388000
"4521",538010135
"4522",431023109
"4523",538004722
"4524",538012003
"4525",244690375
"4526",667002337
"4527",477100700
"4528",667002491
"4529",215241000
"4530",636024632
"4531",567002340
"4532",431001343
"4533",413224880
"4534",211539010
"4535",249858000
"4536",367597650
"4537",249243000
"4538",431023554
"4539",369914057
"4540",563273200
"4541",538011135
"4542",538009281
"4543",636016362
"4544",244660359
"4545",431402007
"4546",215503000
"4547",563047900
"4548",205542290
"4549",257324000
"4550",538009200
"4551",355395000
"4552",413398860
"4553",319478000
"4554",220648000
"4555",538011948
"4556",353603000
"4557",701095000
"4558",248714000
"4559",538011519
"4560",215956000
"4561",563090100
"4562",636018925
"4563",367342960
"4564",244020615
"4565",620999607
"4566",352001883
"4567",403517001
"4568",412487000
"4569",310817000
"4570",525012254
"4571",366999983
"4572",538008703
"4573",422206900
"4574",249703000
"4575",538010073
"4576",311000466
"4577",565459000
"4578",352003674
"4579",249162000
"4580",636019845
"4581",525008070
"4582",563164600
"4583",636022958
"4584",311000643
"4585",563022700
"4586",414360000
"4587",641000041
"4588",466012000
"4589",211648720
"4590",563174600
"4591",413542860
"4592",244700737
"4593",538009980
"4594",271002613
"4595",636019921
"4596",211469960
"4597",248551000
"4598",431015647
"4599",538005654
"4600",538005388
"4601",567002330
"4602",255915645
"4603",244000912
"4604",211526370
"4605",567072500
"4606",538010409
"4607",352005354
"4608",352004884
"4609",636024946
"4610",477995139
"4611",256748000
"4612",538006288
"4613",253242379
"4614",237500000
"4615",244690229
"4616",525012410
"4617",357530000
"4618",205736000
"4619",630001215
"4620",205209990
"4621",538010462
"4622",563255400
"4623",228403600
"4624",538006921
"4625",636016801
"4626",211395530
"4627",477045800
"4628",257894000
"4629",256328000
"4630",567002240
"4631",567066600
"4632",244620737
"4633",636024843
"4634",367635000
"4635",538006226
"4636",249149000
"4637",701006380
"4638",477913200
"4639",701137000
"4640",370549000
"4641",256128000
"4642",636024336
"4643",636015737
"4644",256702000
"4645",431402014
"4646",538005774
"4647",244373285
"4648",354198000
"4649",563025410
"4650",219265000
"4651",431005236
"4652",241877000
"4653",574004140
"4654",636015167
"4655",419001852
"4656",413295260
"4657",248079000
"4658",248138000
"4659",354269000
"4660",533132217
"4661",271044408
"4662",403538000
"4663",244660415
"4664",431007738
"4665",244700204
"4666",538010354
"4667",248230000
"4668",636020947
"4669",477327300
"4670",431002261
"4671",567074300
"4672",244234462
"4673",567002760
"4674",256802000
"4675",636022260
"4676",235307000
"4677",636019311
"4678",755025000
"4679",565124000
"4680",253000075
"4681",525601836
"4682",538002662
"4683",567002570
"4684",352005007
"4685",432584000
"4686",629009414
"4687",244047449
"4688",563165400
"4689",440842000
"4690",240959000
"4691",636023191
"4692",256210000
"4693",273264690
"4694",636021628
"4695",271045665
"4696",255916038
"4697",419002054
"4698",636025039
"4699",636019180
"4700",636024828
"4701",244660052
"4702",218024380
"4703",538011896
"4704",205555190
"4705",370447000
"4706",311013400
"4707",249301000
"4708",538008784
"4709",563275300
"4710",431021327
"4711",211511560
"4712",373067000
"4713",525012318
"4714",538008205
"4715",564860000
"4716",538010889
"4717",215070000
"4718",253000057
"4719",477584100
"4720",629009450
"4721",538011027
"4722",610000050
"4723",431011482
"4724",431003155
"4725",431021934
"4726",271043927
"4727",563042900
"4728",241344000
"4729",525008071
"4730",431501838
"4731",352003670
"4732",477142100
"4733",215068000
"4734",244730485
"4735",273270940
"4736",257162000
"4737",564018000
"4738",244069000
"4739",247431600
"4740",211836280
"4741",205241590
"4742",636021850
"4743",374670000
"4744",636013947
"4745",538011196
"4746",538009459
"4747",538012025
"4748",563123400
"4749",636025917
"4750",219278000
"4751",431016149
"4752",477108200
"4753",431401964
"4754",244730603
"4755",232019873
"4756",356161000
"4757",403642000
"4758",538010257
"4759",352002319
"4760",636024881
"4761",563141700
"4762",373433000
"4763",374220000
"4764",431005655
"4765",574005860
"4766",244660649
"4767",667002327
"4768",636024977
"4769",373129000
"4770",232058998
"4771",247353200
"4772",249891000
"4773",548626200
"4774",567000929
"4775",256997000
"4776",538011473
"4777",636021923
"4778",240285000
"4779",538011684
"4780",273417970
"4781",431005484
"4782",304204000
"4783",215544000
"4784",477995066
"4785",525108027
"4786",668116322
"4787",211549350
"4788",533131107
"4789",511100737
"4790",352001359
"4791",563077900
"4792",525111010
"4793",311000864
"4794",538008166
"4795",314001156
"4796",226006810
"4797",636025673
"4798",567002620
"4799",256515000
"4800",431005527
"4801",244670460
"4802",538005015
"4803",538010809
"4804",311000968
"4805",636010915
"4806",538011362
"4807",563176500
"4808",565210000
"4809",259083000
"4810",405000376
"4811",563238700
"4812",368127000
"4813",636015407
"4814",563100600
"4815",235030851
"4816",236446000
"4817",230110440
"4818",636024278
"4819",538011487
"4820",574005400
"4821",636024972
"4822",538011845
"4823",352002603
"4824",566975000
"4825",431003171
"4826",352004533
"4827",412166000
"4828",256679000
"4829",636019120
"4830",241840000
"4831",413310310
"4832",563259700
"4833",228306800
"4834",205513990
"4835",538009363
"4836",477083600
"4837",255806264
"4838",352002518
"4839",244700289
"4840",533131066
"4841",311000516
"4842",268256804
"4843",538008916
"4844",565833000
"4845",228366800
"4846",219214000
"4847",538006648
"4848",632001155
"4849",256360000
"4850",477142500
"4851",316033265
"4852",538009871
"4853",248483000
"4854",413284510
"4855",563071100
"4856",636017976
"4857",205539290
"4858",247282600
"4859",431501712
"4860",431014522
"4861",211480780
"4862",205351390
"4863",244670164
"4864",538007562
"4865",538009892
"4866",613510201
"4867",319095100
"4868",271044526
"4869",211509630
"4870",538012282
"4871",352005033
"4872",538010420
"4873",219031203
"4874",244740881
"4875",249969000
"4876",215746000
"4877",477995249
"4878",636092426
"4879",304234000
"4880",244375515
"4881",538009202
"4882",477995337
"4883",538003363
"4884",431100682
"4885",563026300
"4886",247276100
"4887",215233000
"4888",413527910
"4889",352004196
"4890",563024100
"4891",244750137
"4892",431017044
"4893",231894000
"4894",636091686
"4895",533133444
"4896",240878000
"4897",538003932
"4898",525008130
"4899",203999444
"4900",636023254
"4901",567612000
"4902",636022805
"4903",311006300
"4904",538009004
"4905",345080064
"4906",422201700
"4907",431177000
"4908",538005399
"4909",352006047
"4910",268261600
"4911",431300411
"4912",564406000
"4913",636021815
"4914",249820000
"4915",244180985
"4916",205465690
"4917",431009761
"4918",273330620
"4919",636022300
"4920",264286088
"4921",440122000
"4922",538005374
"4923",273276060
"4924",636023878
"4925",431008726
"4926",431014963
"4927",352003242
"4928",533133106
"4929",440892000
"4930",636022180
"4931",636021119
"4932",563271500
"4933",636024136
"4934",574012709
"4935",565873000
"4936",215498000
"4937",563030600
"4938",256945000
"4939",538010335
"4940",211822000
"4941",636023553
"4942",636020098
"4943",636025620
"4944",477584800
"4945",352005847
"4946",312463000
"4947",244670282
"4948",352005640
"4949",352002848
"4950",256901000
"4951",241255000
"4952",563220700
"4953",538006808
"4954",366495000
"4955",271052901
"4956",525014072
"4957",636018459
"4958",431004086
"4959",511101346
"4960",538009501
"4961",636014121
"4962",477348100
"4963",636025765
"4964",567001580
"4965",431590000
"4966",538004983
"4967",566569000
"4968",352003809
"4969",229416000
"4970",311000475
"4971",311001200
"4972",414474000
"4973",636023866
"4974",431136000
"4975",538009986
"4976",431019191
"4977",352002190
"4978",259219000
"4979",636021627
"4980",352005734
"4981",431014199
"4982",238049000
"4983",636025040
"4984",525121011
"4985",750363000
"4986",636018294
"4987",240547000
"4988",563158500
"4989",413770000
"4990",374188000
"4991",311000183
"4992",215584000
"4993",563314300
"4994",205562190
"4995",229238000
"4996",244790043
"4997",636019017
"4998",636019386
"4999",538005348
"5000",256232000
"5001",373728000
"5002",311000393
"5003",538003428
"5004",533065400
"5005",215924000
"5006",525008080
"5007",431007082
"5008",431004753
"5009",525003103
"5010",636019637
"5011",431015127
"5012",636021014
"5013",247242200
"5014",247223400
"5015",533133481
"5016",538009083
"5017",271002559
"5018",241289000
"5019",548191600
"5020",667001321
"5021",215402000
"5022",563155900
"5023",431020932
"5024",636013337
"5025",538003364
"5026",215683000
"5027",356999000
"5028",525901536
"5029",538007039
"5030",211806360
"5031",538003020
"5032",257447000
"5033",636024907
"5034",636015556
"5035",256525000
"5036",538003884
"5037",563167200
"5038",249767000
"5039",567226000
"5040",636024924
"5041",431004426
"5042",538010132
"5043",314001147
"5044",477269500
"5045",431001342
"5046",314001124
"5047",249689000
"5048",255802780
"5049",667002277
"5050",224263000
"5051",352002455
"5052",215744000
"5053",373606000
"5054",538003172
"5055",538010130
"5056",538011042
"5057",477462300
"5058",563060900
"5059",352004025
"5060",414728000
"5061",432935000
"5062",366948190
"5063",431756000
"5064",538010888
"5065",255916522
"5066",533925000
"5067",372495000
"5068",352001280
"5069",431013115
"5070",311000478
"5071",636017845
"5072",563200900
"5073",636024030
"5074",538003293
"5075",572561220
"5076",636014250
"5077",477996023
"5078",636020714
"5079",431024962
"5080",356421000
"5081",310669000
"5082",566751000
"5083",548615900
"5084",477637200
"5085",249038000
"5086",249068000
"5087",232059973
"5088",563027100
"5089",310469000
"5090",371433000
"5091",636024786
"5092",431017908
"5093",574000120
"5094",374192000
"5095",229866000
"5096",620999556
"5097",511101540
"5098",538007471
"5099",431412000
"5100",636023751
"5101",431101044
"5102",412440364
"5103",354731000
"5104",352003732
"5105",720867009
"5106",538004308
"5107",241490000
"5108",238009000
"5109",311001785
"5110",352001285
"5111",636015005
"5112",405000245
"5113",563189100
"5114",232059972
"5115",413471590
"5116",211883830
"5117",563046600
"5118",211135000
"5119",256056000
"5120",636014999
"5121",249852000
"5122",220636000
"5123",229878000
"5124",311000686
"5125",352003043
"5126",431000972
"5127",353244000
"5128",431661000
"5129",413210920
"5130",538007134
"5131",374940000
"5132",431000828
"5133",667002210
"5134",312283000
"5135",636022957
"5136",613271812
"5137",572839220
"5138",563218400
"5139",632001090
"5140",247433700
"5141",413874813
"5142",413996069
"5143",413825901
"5144",431001216
"5145",574447000
"5146",413446080
"5147",413242010
"5148",413614960
"5149",413508170
"5150",413378960
"5151",413368730
"5152",413444510
"5153",413382250
"5154",412705520
"5155",413436670
"5156",413511810
"5157",413211920
"5158",636020413
"5159",351168000
"5160",413378810
"5161",413450890
"5162",413499270
"5163",311153000
"5164",413996427
"5165",413472780
"5166",413856418
"5167",413992031
"5168",413243320
"5169",413884386
"5170",413843754
"5171",413472690
"5172",413787499
"5173",412077340
"5174",413844562
"5175",667001964
"5176",352003378
"5177",249936000
"5178",538008157
"5179",413397240
"5180",636025270
"5181",750064162
"5182",352004240
"5183",413429380
"5184",419001712
"5185",413437080
"5186",423543100
"5187",613445600
"5188",413220360
"5189",412328640
"5190",413336920
"5191",312171000
"5192",431014735
"5193",261185420
"5194",413609130
"5195",413304740
"5196",414746000
"5197",413235070
"5198",352005118
"5199",413316440
"5200",412322330
"5201",413844928
"5202",413257360
"5203",636023288
"5204",563205900
"5205",538010243
"5206",413577390
"5207",412302230
"5208",574001880
"5209",413584660
"5210",413312830
"5211",413253330
"5212",413441350
"5213",249652000
"5214",538004518
"5215",247062400
"5216",636021497
"5217",256902000
"5218",563193400
"5219",511101645
"5220",273275060
"5221",567003160
"5222",632001118
"5223",667002453
"5224",667001245
"5225",630001214
"5226",538009968
"5227",636016128
"5228",311000134
"5229",538004150
"5230",563034560
"5231",636025558
"5232",374717000
"5233",632001115
"5234",205333890
"5235",613579000
"5236",248298000
"5237",352004412
"5238",574014951
"5239",310597000
"5240",533130463
"5241",431001659
"5242",477142700
"5243",431501815
"5244",256359000
"5245",533132198
"5246",567064100
"5247",352005482
"5248",636025820
"5249",613667000
"5250",311073800
"5251",354895000
"5252",477010100
"5253",431011715
"5254",247243700
"5255",209768000
"5256",511101787
"5257",352004266
"5258",567000460
"5259",224322240
"5260",511101478
"5261",636023785
"5262",273270950
"5263",650610000
"5264",273272930
"5265",667001270
"5266",263702340
"5267",538003349
"5268",240633000
"5269",563273100
"5270",431010077
"5271",538007794
"5272",352006140
"5273",636093045
"5274",257358000
"5275",636021509
"5276",372172000
"5277",563106800
"5278",636018565
"5279",422038400
"5280",538003422
"5281",240597000
"5282",271049387
"5283",636020143
"5284",353139000
"5285",431005507
"5286",309255000
"5287",228453800
"5288",256173000
"5289",248434000
"5290",220609000
"5291",538010726
"5292",224448000
"5293",255916065
"5294",431005216
"5295",538007232
"5296",667001275
"5297",352498732
"5298",525003396
"5299",352004662
"5300",219830000
"5301",244670163
"5302",352099000
"5303",563162900
"5304",244700721
"5305",244041080
"5306",440109560
"5307",440208060
"5308",441705000
"5309",440504030
"5310",440665000
"5311",636093141
"5312",441395000
"5313",538003322
"5314",373706000
"5315",440117010
"5316",440305360
"5317",241592000
"5318",220635000
"5319",431228000
"5320",316040257
"5321",210241000
"5322",311000357
"5323",325149900
"5324",525201579
"5325",311001756
"5326",538006446
"5327",538006719
"5328",353455000
"5329",525010059
"5330",413241940
"5331",525104002
"5332",352003064
"5333",249500000
"5334",566382000
"5335",352005479
"5336",352001627
"5337",525018368
"5338",525104017
"5339",525801050
"5340",533110708
"5341",352006247
"5342",525014005
"5343",525300135
"5344",563036330
"5345",477732500
"5346",403571000
"5347",525301665
"5348",636024183
"5349",352002323
"5350",525107017
"5351",533060900
"5352",636019957
"5353",525200750
"5354",525121012
"5355",240657000
"5356",538006131
"5357",538006644
"5358",229583000
"5359",525801634
"5360",525108030
"5361",219254000
"5362",533170703
"5363",760000820
"5364",525500968
"5365",525110142
"5366",538007000
"5367",563158000
"5368",413182000
"5369",419001990
"5370",525900050
"5371",525006010
"5372",353456000
"5373",525901869
"5374",525020228
"5375",525012286
"5376",525100679
"5377",525010134
"5378",620999969
"5379",525114140
"5380",525014006
"5381",613902500
"5382",356336000
"5383",525022310
"5384",352005017
"5385",538005621
"5386",525119090
"5387",525300484
"5388",352002778
"5389",413293310
"5390",574004450
"5391",440325000
"5392",525200652
"5393",352002331
"5394",477178100
"5395",668116242
"5396",525501058
"5397",613469802
"5398",525301505
"5399",525108008
"5400",441318000
"5401",565859000
"5402",636021358
"5403",370503000
"5404",232005596
"5405",255917228
"5406",636023794
"5407",538007037
"5408",311000438
"5409",563208900
"5410",352004839
"5411",352003638
"5412",258751000
"5413",247482300
"5414",566242000
"5415",538006772
"5416",657109900
"5417",241613000
"5418",636021911
"5419",374129000
"5420",367361960
"5421",657293700
"5422",636016093
"5423",255915871
"5424",477652200
"5425",352275000
"5426",636020861
"5427",636013383
"5428",525103016
"5429",677084700
"5430",235108697
"5431",441229000
"5432",565744000
"5433",567639000
"5434",255915794
"5435",247322500
"5436",538011660
"5437",755164000
"5438",229729000
"5439",538006806
"5440",636023094
"5441",538090363
"5442",538005405
"5443",308171000
"5444",636024459
"5445",255834000
"5446",565390000
"5447",636015940
"5448",370908000
"5449",636015767
"5450",244870430
"5451",533061200
"5452",636023385
"5453",669670000
"5454",538003072
"5455",538009133
"5456",636017416
"5457",636018205
"5458",477127100
"5459",431057000
"5460",238250000
"5461",314116000
"5462",345010072
"5463",477850100
"5464",431000903
"5465",431002092
"5466",538008383
"5467",567647000
"5468",533132191
"5469",631010100
"5470",538007028
"5471",403651000
"5472",316031772
"5473",636016414
"5474",574005430
"5475",244376213
"5476",636014336
"5477",352003635
"5478",219014000
"5479",419001285
"5480",431004325
"5481",538009924
"5482",538008941
"5483",352004827
"5484",636020981
"5485",538009925
"5486",249273000
"5487",311000627
"5488",431101018
"5489",563206700
"5490",419795000
"5491",636023578
"5492",303294000
"5493",563079900
"5494",249115000
"5495",244026140
"5496",205252390
"5497",257441000
"5498",431007429
"5499",538008476
"5500",352005836
"5501",255916547
"5502",538005189
"5503",477896000
"5504",563243800
"5505",354957000
"5506",563099800
"5507",636023826
"5508",255915915
"5509",538005476
"5510",636024563
"5511",538090382
"5512",373664000
"5513",538011209
"5514",373885000
"5515",249126000
"5516",419794000
"5517",470458000
"5518",261182619
"5519",309333000
"5520",256130000
"5521",636019545
"5522",538006922
"5523",357263000
"5524",636023948
"5525",431000338
"5526",636023192
"5527",538010236
"5528",538004111
"5529",548117500
"5530",352001324
"5531",636019843
"5532",431402001
"5533",563307500
"5534",647553039
"5535",352319000
"5536",244110333
"5537",636024468
"5538",538010891
"5539",538009510
"5540",667002357
"5541",355209000
"5542",241348000
"5543",563257500
"5544",538011502
"5545",253000159
"5546",419001313
"5547",538003528
"5548",256541000
"5549",525700889
"5550",352005887
"5551",219022047
"5552",413375480
"5553",538011340
"5554",636021491
"5555",352002355
"5556",244008902
"5557",525103009
"5558",271049599
"5559",440365000
"5560",374316000
"5561",367359930
"5562",242178400
"5563",232006295
"5564",538006357
"5565",352003793
"5566",247432200
"5567",413172000
"5568",636014185
"5569",533132391
"5570",538009801
"5571",248033000
"5572",373045000
"5573",636013614
"5574",563032400
"5575",538011193
"5576",228474800
"5577",211628820
"5578",271050193
"5579",356447000
"5580",419745000
"5581",567054500
"5582",538007466
"5583",538009643
"5584",477685900
"5585",440262000
"5586",538007563
"5587",636020999
"5588",636022866
"5589",311072200
"5590",538005824
"5591",215971000
"5592",563255800
"5593",247355500
"5594",538004376
"5595",511100897
"5596",314001139
"5597",538005271
"5598",477900900
"5599",241898000
"5600",249421000
"5601",566245000
"5602",249050000
"5603",241199000
"5604",538004017
"5605",563019800
"5606",431003651
"5607",219190000
"5608",533130716
"5609",538005797
"5610",538011421
"5611",419002059
"5612",311000231
"5613",431000304
"5614",256298000
"5615",253000026
"5616",309781000
"5617",354248000
"5618",525114060
"5619",431018712
"5620",255804340
"5621",271049700
"5622",563236200
"5623",431019549
"5624",533160239
"5625",431023346
"5626",205535590
"5627",311001701
"5628",538009152
"5629",229336000
"5630",419002042
"5631",548972000
"5632",413384150
"5633",431014474
"5634",538008168
"5635",352005328
"5636",431020091
"5637",477138600
"5638",525121099
"5639",538005554
"5640",636010544
"5641",525012284
"5642",538009683
"5643",636014128
"5644",273417140
"5645",636019962
"5646",373729000
"5647",370313000
"5648",351767000
"5649",564045000
"5650",564225000
"5651",352005975
"5652",249859000
"5653",477620900
"5654",352003819
"5655",255915715
"5656",701106000
"5657",219638000
"5658",636025336
"5659",636022166
"5660",229171000
"5661",431010381
"5662",567070300
"5663",533057100
"5664",431020818
"5665",373768000
"5666",238252000
"5667",538008812
"5668",244001686
"5669",477692200
"5670",636093397
"5671",311628000
"5672",310850000
"5673",441205000
"5674",538003631
"5675",538011124
"5676",563022900
"5677",419001649
"5678",353815000
"5679",219280000
"5680",563308500
"5681",431003276
"5682",701131000
"5683",611000265
"5684",370621000
"5685",371958000
"5686",477149500
"5687",538003966
"5688",241465000
"5689",701006216
"5690",352003272
"5691",356593000
"5692",370411000
"5693",431000622
"5694",205289790
"5695",563059600
"5696",356876000
"5697",636020801
"5698",538003353
"5699",636023696
"5700",440029000
"5701",371381000
"5702",518999378
"5703",241520000
"5704",563178300
"5705",538011441
"5706",538004577
"5707",636018765
"5708",255915866
"5709",636025216
"5710",461000242
"5711",636022620
"5712",477997247
"5713",525119145
"5714",215515000
"5715",352003612
"5716",312073000
"5717",228456600
"5718",357044000
"5719",636025272
"5720",636014263
"5721",241468000
"5722",538012118
"5723",412245000
"5724",701107000
"5725",636019172
"5726",431003616
"5727",613411500
"5728",701001064
"5729",352002026
"5730",525119166
"5731",477237200
"5732",241875000
"5733",636022987
"5734",701145000
"5735",352001328
"5736",750333000
"5737",636019142
"5738",256764000
"5739",636023383
"5740",431005000
"5741",613411502
"5742",613271803
"5743",750348000
"5744",636023125
"5745",351434000
"5746",538005550
"5747",636025772
"5748",215086000
"5749",431009717
"5750",431000275
"5751",636024456
"5752",240834000
"5753",636014108
"5754",352003487
"5755",613003709
"5756",255806226
"5757",636024871
"5758",563153600
"5759",538009440
"5760",205725000
"5761",538012250
"5762",538009157
"5763",563101700
"5764",525121004
"5765",253242332
"5766",431301663
"5767",244700714
"5768",626459000
"5769",310795000
"5770",538009957
"5771",352001319
"5772",352001697
"5773",525119095
"5774",255916109
"5775",548333100
"5776",636022904
"5777",413376440
"5778",563195800
"5779",567031900
"5780",249923000
"5781",311001594
"5782",212686000
"5783",215063000
"5784",636091186
"5785",244690993
"5786",636013381
"5787",244670246
"5788",371846000
"5789",373215000
"5790",239640900
"5791",431013754
"5792",240891000
"5793",271044285
"5794",403644000
"5795",412370680
"5796",413268570
"5797",538006608
"5798",352005974
"5799",352005172
"5800",371078000
"5801",701006265
"5802",219683000
"5803",352002048
"5804",636020367
"5805",241580000
"5806",241715000
"5807",352003259
"5808",305940000
"5809",538002742
"5810",253469000
"5811",211132800
"5812",373090000
"5813",565743000
"5814",431005342
"5815",525301763
"5816",258741000
"5817",352005852
"5818",636023003
"5819",241931000
"5820",563180500
"5821",525801078
"5822",247428500
"5823",256609100
"5824",431000639
"5825",237592400
"5826",352005365
"5827",352003912
"5828",271042520
"5829",372470000
"5830",248672000
"5831",236754000
"5832",258915000
"5833",352005202
"5834",256394000
"5835",477966600
"5836",636018671
"5837",432915000
"5838",563216500
"5839",538090448
"5840",477225700
"5841",255916103
"5842",215330000
"5843",211285490
"5844",441603000
"5845",477836100
"5846",273253270
"5847",525600494
"5848",477346700
"5849",538003295
"5850",533133124
"5851",538005806
"5852",563221100
"5853",636013816
"5854",352004123
"5855",538004487
"5856",256923000
"5857",525021323
"5858",412085050
"5859",431009445
"5860",533133276
"5861",636021499
"5862",525010301
"5863",636023879
"5864",229708000
"5865",477996248
"5866",319468000
"5867",538006709
"5868",636020552
"5869",215817000
"5870",273277260
"5871",538009780
"5872",538008313
"5873",370568000
"5874",352003502
"5875",352003390
"5876",351551000
"5877",613806561
"5878",241799000
"5879",636024429
"5880",431000664
"5881",249320000
"5882",211513570
"5883",352003381
"5884",636017829
"5885",525201273
"5886",525020371
"5887",503190890
"5888",636020364
"5889",372530000
"5890",311001724
"5891",422173000
"5892",431004149
"5893",241785000
"5894",574001540
"5895",232038603
"5896",636017106
"5897",219178664
"5898",241961000
"5899",255805640
"5900",370914000
"5901",256759000
"5902",244308000
"5903",431000654
"5904",256340000
"5905",636015174
"5906",271044409
"5907",269057456
"5908",477150100
"5909",563186100
"5910",538009371
"5911",258914000
"5912",249564000
"5913",636019358
"5914",353754000
"5915",565355000
"5916",538011281
"5917",477996280
"5918",636022845
"5919",636022578
"5920",215923000
"5921",636018899
"5922",538008368
"5923",563203300
"5924",636016800
"5925",319014800
"5926",538010118
"5927",538012085
"5928",538090712
"5929",255915868
"5930",538009592
"5931",271042996
"5932",563077600
"5933",636014805
"5934",431004914
"5935",538009383
"5936",431386000
"5937",431009313
"5938",352005238
"5939",271052100
"5940",518012047
"5941",269057754
"5942",548357500
"5943",413975000
"5944",241497000
"5945",352002591
"5946",636025452
"5947",403584000
"5948",548610900
"5949",255917261
"5950",636016302
"5951",636013156
"5952",265062000
"5953",249236000
"5954",311000944
"5955",235077605
"5956",235083501
"5957",563154800
"5958",538005775
"5959",538005173
"5960",550750139
"5961",244660291
"5962",538010231
"5963",538011978
"5964",563298200
"5965",431007966
"5966",413514090
"5967",613404110
"5968",636024917
"5969",308652000
"5970",219277000
"5971",636023560
"5972",352004357
"5973",356537000
"5974",565497000
"5975",565949000
"5976",249775000
"5977",319499000
"5978",563266900
"5979",311000277
"5980",257428000
"5981",310786000
"5982",613271605
"5983",636023755
"5984",248288000
"5985",209508000
"5986",636093033
"5987",636019327
"5988",372915000
"5989",256958000
"5990",219377000
"5991",256609000
"5992",538004535
"5993",636020434
"5994",538006343
"5995",563298900
"5996",431004858
"5997",352002175
"5998",636021495
"5999",538007233
"6000",356819000
"6001",241637000
"6002",413612930
"6003",219030184
"6004",636024019
"6005",538010226
"6006",710008830
"6007",311001020
"6008",563030300
"6009",636021156
"6010",431878000
"6011",314104000
"6012",251340000
"6013",219772000
"6014",311001568
"6015",567593000
"6016",413542850
"6017",564329000
"6018",538011722
"6019",538002774
"6020",538007654
"6021",249279000
"6022",212656000
"6023",367518920
"6024",311000248
"6025",511101444
"6026",256225000
"6027",538011987
"6028",626457000
"6029",538007044
"6030",572794220
"6031",538009615
"6032",477735500
"6033",636021083
"6034",525121080
"6035",636017874
"6036",477327900
"6037",477151600
"6038",538010080
"6039",563169300
"6040",477057700
"6041",563251200
"6042",229350000
"6043",477159500
"6044",441450000
"6045",538010021
"6046",636024976
"6047",241836000
"6048",248029000
"6049",241724000
"6050",205217990
"6051",319151100
"6052",636019177
"6053",563091600
"6054",538011338
"6055",258028000
"6056",636021027
"6057",351206000
"6058",636020446
"6059",273271260
"6060",232027158
"6061",563110100
"6062",211129120
"6063",538011959
"6064",538003357
"6065",353222000
"6066",636016698
"6067",219034953
"6068",636025411
"6069",319605000
"6070",235108527
"6071",636022881
"6072",563180300
"6073",431016367
"6074",249872000
"6075",355784000
"6076",441712000
"6077",319121000
"6078",255805835
"6079",538004027
"6080",563163700
"6081",249557000
"6082",563086570
"6083",244150081
"6084",701138000
"6085",636015946
"6086",235116324
"6087",205263690
"6088",403285001
"6089",273273160
"6090",370163000
"6091",219394000
"6092",256349000
"6093",538004029
"6094",613277601
"6095",357628000
"6096",311000360
"6097",477345600
"6098",244780233
"6099",256285000
"6100",770576369
"6101",636014262
"6102",215035000
"6103",357918000
"6104",431018785
"6105",538011195
"6106",566156000
"6107",441504000
"6108",353989000
"6109",403509000
"6110",477108300
"6111",548691000
"6112",269057153
"6113",351312000
"6114",413387310
"6115",701153000
"6116",372792000
"6117",273268690
"6118",477996086
"6119",567000276
"6120",441441000
"6121",538005117
"6122",338860000
"6123",371118000
"6124",249113000
"6125",215004000
"6126",352003672
"6127",538009768
"6128",538011723
"6129",477157200
"6130",352004394
"6131",636019229
"6132",650630000
"6133",310806000
"6134",240716000
"6135",574002350
"6136",431005329
"6137",352005658
"6138",255804570
"6139",538005358
"6140",563218100
"6141",255916581
"6142",241808000
"6143",538010568
"6144",538012009
"6145",563087100
"6146",431004377
"6147",563073300
"6148",538007363
"6149",219029411
"6150",538005473
"6151",431013822
"6152",636018640
"6153",567002490
"6154",570321000
"6155",613472010
"6156",477979100
"6157",538008705
"6158",565254000
"6159",613271610
"6160",477811900
"6161",369540000
"6162",564957000
"6163",244729089
"6164",209856000
"6165",229933000
"6166",636021582
"6167",219148000
"6168",431000991
"6169",255915785
"6170",626455000
"6171",248851000
"6172",538011742
"6173",538008718
"6174",636017143
"6175",248759000
"6176",211295010
"6177",352004757
"6178",563016800
"6179",636023114
"6180",636021168
"6181",636024852
"6182",636019884
"6183",636092926
"6184",525008131
"6185",636014909
"6186",538012135
"6187",367109000
"6188",273268340
"6189",352002956
"6190",257309000
"6191",636018848
"6192",538009199
"6193",636015560
"6194",311000345
"6195",477884300
"6196",241714000
"6197",431100969
"6198",636024262
"6199",538005771
"6200",636018567
"6201",636024329
"6202",636019989
"6203",538010321
"6204",613472020
"6205",538009179
"6206",565871000
"6207",538004028
"6208",413307240
"6209",574001750
"6210",352001463
"6211",419001637
"6212",538008009
"6213",667001251
"6214",314849000
"6215",447273000
"6216",368013820
"6217",241216000
"6218",419001640
"6219",563274300
"6220",244001754
"6221",563016100
"6222",636014869
"6223",241797000
"6224",241109000
"6225",548454500
"6226",636019176
"6227",431001357
"6228",636025628
"6229",241579000
"6230",636025517
"6231",563083200
"6232",245198000
"6233",257731000
"6234",372307000
"6235",352003053
"6236",271048807
"6237",563214400
"6238",538011454
"6239",311133000
"6240",352003343
"6241",563121700
"6242",538006655
"6243",352003576
"6244",563233600
"6245",255900127
"6246",244670413
"6247",352001415
"6248",371936000
"6249",477995985
"6250",548212900
"6251",256869000
"6252",255915691
"6253",351238000
"6254",533056200
"6255",354588000
"6256",636023092
"6257",257589000
"6258",636022950
"6259",533132125
"6260",403624001
"6261",219452000
"6262",238255000
"6263",538010020
"6264",319377000
"6265",538010467
"6266",219382000
"6267",256742000
"6268",353700000
"6269",352001705
"6270",368589000
"6271",248533000
"6272",636016731
"6273",356600000
"6274",563015500
"6275",372341000
"6276",538011635
"6277",311000665
"6278",431301747
"6279",311001169
"6280",538005642
"6281",667001281
"6282",314853000
"6283",352003163
"6284",538008449
"6285",431001071
"6286",240183900
"6287",667002308
"6288",256770000
"6289",563197000
"6290",419001918
"6291",256220000
"6292",255805340
"6293",215889000
"6294",538009511
"6295",372335000
"6296",244670915
"6297",211584170
"6298",431012999
"6299",636022898
"6300",431013096
"6301",511101926
"6302",563097900
"6303",249987000
"6304",667002320
"6305",563082800
"6306",548708200
"6307",636020822
"6308",403736001
"6309",636017142
"6310",413607660
"6311",538012209
"6312",229427000
"6313",563321400
"6314",613445620
"6315",255915716
"6316",525024058
"6317",533132714
"6318",755074000
"6319",310800000
"6320",271051937
"6321",567423000
"6322",636013815
"6323",563102700
"6324",605026220
"6325",273251530
"6326",224436000
"6327",256487000
"6328",538011188
"6329",431001630
"6330",311027800
"6331",613003808
"6332",240837000
"6333",636023860
"6334",538003099
"6335",431010742
"6336",563256500
"6337",408919000
"6338",636019761
"6339",667001223
"6340",477215600
"6341",629009692
"6342",431008234
"6343",431027779
"6344",538010454
"6345",477996426
"6346",431800699
"6347",370211000
"6348",605026210
"6349",525701809
"6350",369526000
"6351",236662000
"6352",244660690
"6353",273258030
"6354",431000224
"6355",431003435
"6356",538009544
"6357",240995000
"6358",309979000
"6359",431048000
"6360",477996031
"6361",636020426
"6362",564151000
"6363",477058500
"6364",352006408
"6365",563127200
"6366",636020131
"6367",538006490
"6368",373933000
"6369",255805586
"6370",636017165
"6371",636093084
"6372",538012301
"6373",538008412
"6374",565709000
"6375",305377000
"6376",525701087
"6377",311000420
"6378",431014347
"6379",341064002
"6380",352001678
"6381",667002360
"6382",613003614
"6383",215990000
"6384",538003365
"6385",241466000
"6386",538010893
"6387",538009338
"6388",563221300
"6389",413298170
"6390",352006007
"6391",244129541
"6392",373343000
"6393",259644000
"6394",525121010
"6395",419001087
"6396",538010461
"6397",667001654
"6398",636020425
"6399",352001738
"6400",244690695
"6401",636024575
"6402",533132008
"6403",224072000
"6404",636012379
"6405",311015200
"6406",538006506
"6407",563195100
"6408",248745000
"6409",477928500
"6410",310720000
"6411",525022371
"6412",525801261
"6413",211480540
"6414",636024082
"6415",403640000
"6416",636015483
"6417",367381000
"6418",231918000
"6419",413181000
"6420",525114138
"6421",257450000
"6422",211514420
"6423",314001078
"6424",219674000
"6425",259016340
"6426",413336530
"6427",265072000
"6428",419001709
"6429",636019067
"6430",413379840
"6431",636013938
"6432",229273000
"6433",219374000
"6434",636021145
"6435",574005080
"6436",269057144
"6437",636024467
"6438",636023795
"6439",256199000
"6440",636013940
"6441",215486000
"6442",538009322
"6443",249022000
"6444",311000915
"6445",413369000
"6446",563216300
"6447",548161500
"6448",273355740
"6449",525119191
"6450",352004859
"6451",538004576
"6452",319103800
"6453",533133774
"6454",273279530
"6455",631010101
"6456",314132000
"6457",538009054
"6458",232023939
"6459",357449000
"6460",566141000
"6461",357138000
"6462",538004164
"6463",574004790
"6464",511101556
"6465",563276200
"6466",538011641
"6467",440140000
"6468",636014089
"6469",249255000
"6470",351214000
"6471",538005006
"6472",538012256
"6473",431016719
"6474",525121031
"6475",352712000
"6476",636018825
"6477",538009249
"6478",636025413
"6479",249198000
"6480",353172000
"6481",431003751
"6482",563185900
"6483",538005414
"6484",311001030
"6485",353370000
"6486",636015875
"6487",241452000
"6488",370361000
"6489",372582000
"6490",255626000
"6491",273257120
"6492",525301945
"6493",219029080
"6494",563206400
"6495",431222000
"6496",636092175
"6497",256442000
"6498",431003681
"6499",215514000
"6500",636017950
"6501",303656000
"6502",508111132
"6503",538005203
"6504",538004051
"6505",636015526
"6506",563112000
"6507",255806213
"6508",413183000
"6509",730151726
"6510",563037700
"6511",352002382
"6512",311000225
"6513",431022679
"6514",477995358
"6515",525019132
"6516",636020078
"6517",538005761
"6518",269057205
"6519",538011686
"6520",431218000
"6521",538003347
"6522",352003413
"6523",431006342
"6524",636014485
"6525",352006248
"6526",354913000
"6527",636021689
"6528",538011693
"6529",413291020
"6530",255916281
"6531",271049994
"6532",431005409
"6533",470712000
"6534",219180000
"6535",477129500
"6536",538005762
"6537",566573000
"6538",538011335
"6539",255803540
"6540",355320000
"6541",605076051
"6542",431026064
"6543",241610000
"6544",271051145
"6545",0
"6546",538005608
"6547",352002704
"6548",219645000
"6549",244690363
"6550",636023123
"6551",538010874
"6552",563061700
"6553",249329000
"6554",538007197
"6555",207372000
"6556",271052900
"6557",273250830
"6558",356503000
"6559",563238600
"6560",352004029
"6561",229424000
"6562",636025194
"6563",636019392
"6564",567001170
"6565",352003617
"6566",226012060
"6567",241826000
"6568",241412000
"6569",311000937
"6570",538009198
"6571",538010217
"6572",636021784
"6573",538005175
"6574",215504000
"6575",538010516
"6576",477735200
"6577",538009248
"6578",538009246
"6579",538010571
"6580",613445621
"6581",305030300
"6582",563153400
"6583",567002690
"6584",636020081
"6585",215754000
"6586",228473900
"6587",257510000
"6588",461000321
"6589",228460900
"6590",636020927
"6591",403648000
"6592",370985000
"6593",431015351
"6594",538005823
"6595",538006955
"6596",373731000
"6597",538011541
"6598",563036300
"6599",538007136
"6600",538008314
"6601",352001216
"6602",667001627
"6603",667001301
"6604",311001157
"6605",667002362
"6606",563162800
"6607",447180000
"6608",319767000
"6609",256370000
"6610",538011329
"6611",413623710
"6612",538010013
"6613",367686920
"6614",647553027
"6615",538008904
"6616",533132626
"6617",636018752
"6618",256906000
"6619",247293900
"6620",563318500
"6621",477332000
"6622",229407000
"6623",525501856
"6624",311001843
"6625",255917235
"6626",621819063
"6627",525201490
"6628",244012012
"6629",372119000
"6630",228243350
"6631",538006821
"6632",538005867
"6633",636023498
"6634",352321000
"6635",245389000
"6636",235112981
"6637",463065101
"6638",636016129
"6639",354866000
"6640",279202570
"6641",244830333
"6642",538006503
"6643",636021324
"6644",566539000
"6645",755029000
"6646",241424000
"6647",431006555
"6648",309072000
"6649",525701006
"6650",419686000
"6651",636020291
"6652",636023837
"6653",256823000
"6654",244670958
"6655",241593000
"6656",351243000
"6657",636015119
"6658",636023629
"6659",636016946
"6660",255802670
"6661",431009498
"6662",257096170
"6663",255951000
"6664",235061952
"6665",356186000
"6666",241725000
"6667",636023894
"6668",538004977
"6669",226002540
"6670",636017817
"6671",563154300
"6672",636021942
"6673",403556000
"6674",636017997
"6675",271049605
"6676",241953000
"6677",255915742
"6678",636022654
"6679",244372106
"6680",477144300
"6681",273254130
"6682",241454000
"6683",352978162
"6684",636017969
"6685",255806024
"6686",525801154
"6687",211544420
"6688",352001714
"6689",563266200
"6690",477176500
"6691",636023475
"6692",366539000
"6693",636024820
"6694",256815000
"6695",525119101
"6696",431003904
"6697",256195000
"6698",525020229
"6699",538003101
"6700",440306000
"6701",431005248
"6702",276306000
"6703",477121700
"6704",563901000
"6705",525009075
"6706",538005609
"6707",636020082
"6708",564817000
"6709",477172200
"6710",636022158
"6711",563319600
"6712",636025711
"6713",538007389
"6714",564818000
"6715",311001055
"6716",636020833
"6717",538004833
"6718",477890400
"6719",265053000
"6720",563483000
"6721",413541220
"6722",636021176
"6723",310755000
"6724",538009788
"6725",538007512
"6726",636018688
"6727",431001112
"6728",241731000
"6729",538006130
"6730",563846000
"6731",245881000
"6732",563101100
"6733",374426000
"6734",636021963
"6735",413574720
"6736",354800000
"6737",215072000
"6738",636015366
"6739",636021007
"6740",636015484
"6741",538005492
"6742",567594000
"6743",244168000
"6744",533042200
"6745",636021483
"6746",636021574
"6747",311000902
"6748",256714000
"6749",229130000
"6750",368004000
"6751",636019878
"6752",256536000
"6753",525016306
"6754",374097000
"6755",352001015
"6756",259153000
"6757",574001620
"6758",352002167
"6759",352004340
"6760",563214300
"6761",220447000
"6762",538008882
"6763",574003530
"6764",636023404
"6765",310540000
"6766",258050000
"6767",316055401
"6768",636020097
"6769",538010227
"6770",241522000
"6771",256752000
"6772",735059965
"6773",525900985
"6774",636019173
"6775",477945700
"6776",538006105
"6777",431653000
"6778",636017411
"6779",538009233
"6780",248884000
"6781",229738000
"6782",538011176
"6783",563186900
"6784",538009109
"6785",563048700
"6786",538006356
"6787",441164000
"6788",538003713
"6789",548245100
"6790",249813000
"6791",563179400
"6792",636024113
"6793",249081000
"6794",352002947
"6795",525800420
"6796",563126400
"6797",273257030
"6798",257326000
"6799",538004791
"6800",538006053
"6801",373808000
"6802",304183000
"6803",247238700
"6804",257724000
"6805",538008272
"6806",310732000
"6807",538009364
"6808",240485000
"6809",563196100
"6810",525016041
"6811",636021796
"6812",538006775
"6813",567402000
"6814",219642000
"6815",249016000
"6816",352005079
"6817",636018545
"6818",508111131
"6819",352004413
"6820",538004034
"6821",403514001
"6822",525009331
"6823",636022844
"6824",241486000
"6825",413398440
"6826",538005782
"6827",431003635
"6828",538009380
"6829",257702000
"6830",538003951
"6831",563073600
"6832",352006372
"6833",538008116
"6834",636015302
"6835",636020917
"6836",215741000
"6837",538002090
"6838",259095000
"6839",219733000
"6840",229412000
"6841",212442000
"6842",636023760
"6843",563046800
"6844",247271400
"6845",572855220
"6846",413526060
"6847",538010974
"6848",431660000
"6849",441448000
"6850",235108525
"6851",477723100
"6852",319498000
"6853",241753000
"6854",419667000
"6855",205228000
"6856",259788000
"6857",525601024
"6858",636016275
"6859",431004181
"6860",636025412
"6861",538003351
"6862",256226000
"6863",538010460
"6864",538009225
"6865",247483800
"6866",548329500
"6867",352002389
"6868",414060000
"6869",357197000
"6870",636016933
"6871",636019141
"6872",440482000
"6873",565307000
"6874",413540250
"6875",538008043
"6876",538010818
"6877",374125000
"6878",538005576
"6879",431401849
"6880",574284000
"6881",538008873
"6882",636020569
"6883",525015648
"6884",352002063
"6885",525701878
"6886",538007299
"6887",219409000
"6888",538003542
"6889",636021172
"6890",525121073
"6891",563294400
"6892",636021910
"6893",538009117
"6894",563062800
"6895",352005790
"6896",219270000
"6897",636021325
"6898",271049852
"6899",538007361
"6900",566017000
"6901",538006216
"6902",538005803
"6903",257033140
"6904",567524000
"6905",667002334
"6906",538005443
"6907",577697000
"6908",636014608
"6909",538008764
"6910",314001077
"6911",351915000
"6912",353953000
"6913",241440000
"6914",563308600
"6915",351343000
"6916",636024455
"6917",431018777
"6918",477156600
"6919",563175400
"6920",352001874
"6921",538005092
"6922",319282000
"6923",431019456
"6924",636024861
"6925",241404000
"6926",248369000
"6927",636022827
"6928",710033040
"6929",308136000
"6930",563261300
"6931",269057042
"6932",241963000
"6933",636015250
"6934",370849000
"6935",563221700
"6936",538010141
"6937",241743000
"6938",259632000
"6939",525901348
"6940",636023133
"6941",538005679
"6942",538009990
"6943",241510000
"6944",667002024
"6945",256625000
"6946",563198600
"6947",352004853
"6948",249182000
"6949",538004634
"6950",538007774
"6951",352005972
"6952",538006621
"6953",636017083
"6954",314940000
"6955",314807000
"6956",352004336
"6957",477103400
"6958",240447000
"6959",538009975
"6960",352005976
"6961",372405000
"6962",563154200
"6963",574475000
"6964",563243300
"6965",244770477
"6966",422207100
"6967",211285540
"6968",304057000
"6969",257405000
"6970",525016091
"6971",374987000
"6972",477215100
"6973",636025508
"6974",412418000
"6975",355087000
"6976",563191900
"6977",636019492
"6978",667001235
"6979",563152900
"6980",311015300
"6981",563273300
"6982",247337400
"6983",525601531
"6984",563177800
"6985",636020070
"6986",311001298
"6987",215979000
"6988",563315500
"6989",258667000
"6990",351354000
"6991",636014943
"6992",215684000
"6993",248507000
"6994",241710000
"6995",538005820
"6996",431001046
"6997",210113000
"6998",636022564
"6999",477850800
"7000",538003361
"7001",271049458
"7002",238019000
"7003",310848000
"7004",538008652
"7005",370756000
"7006",538004033
"7007",241751000
"7008",253464000
"7009",667002091
"7010",431005426
"7011",538006873
"7012",563413000
"7013",538010705
"7014",255915984
"7015",246295000
"7016",636021956
"7017",538006666
"7018",563198800
"7019",210727000
"7020",563123100
"7021",352004212
"7022",563162200
"7023",636015175
"7024",477215500
"7025",563104600
"7026",636010373
"7027",511101877
"7028",636022728
"7029",538010500
"7030",353576000
"7031",636025516
"7032",563153700
"7033",373370000
"7034",564678000
"7035",431401971
"7036",273254770
"7037",563186400
"7038",563015100
"7039",273259530
"7040",538010982
"7041",636025888
"7042",538005223
"7043",538008425
"7044",636012762
"7045",563322100
"7046",256154000
"7047",525501465
"7048",419001684
"7049",241630000
"7050",372417000
"7051",647553020
"7052",229748000
"7053",352005358
"7054",255917260
"7055",241771000
"7056",414741000
"7057",538005819
"7058",249401000
"7059",636016378
"7060",563242200
"7061",636023474
"7062",205501690
"7063",244660700
"7064",266009000
"7065",241491000
"7066",235076272
"7067",229082000
"7068",244670832
"7069",636018726
"7070",241262000
"7071",235076275
"7072",231859000
"7073",352978141
"7074",306408000
"7075",215845000
"7076",538008070
"7077",256812000
"7078",563290100
"7079",311775000
"7080",636019059
"7081",352003176
"7082",440978000
"7083",273350220
"7084",271044024
"7085",538007463
"7086",636014253
"7087",352002711
"7088",636024107
"7089",311000182
"7090",567557000
"7091",566479000
"7092",238295000
"7093",574014152
"7094",572226220
"7095",563086920
"7096",525119082
"7097",441898000
"7098",538004558
"7099",370093000
"7100",636021039
"7101",463094101
"7102",229094000
"7103",257155000
"7104",538090634
"7105",632001144
"7106",636025638
"7107",447189000
"7108",249907000
"7109",255806423
"7110",650000512
"7111",370297000
"7112",370526000
"7113",371352000
"7114",310772000
"7115",563260800
"7116",268251204
"7117",256732000
"7118",525121022
"7119",413697020
"7120",538011470
"7121",352005830
"7122",255806192
"7123",249690000
"7124",431501743
"7125",312050000
"7126",667001255
"7127",538006545
"7128",357740000
"7129",273434350
"7130",319963000
"7131",525103020
"7132",538008034
"7133",525119151
"7134",256920000
"7135",215993000
"7136",538011095
"7137",255917234
"7138",352005443
"7139",563312600
"7140",636024923
"7141",636017834
"7142",441826000
"7143",311000247
"7144",636020891
"7145",219221000
"7146",525108017
"7147",219029621
"7148",352004632
"7149",636016470
"7150",273260840
"7151",414748000
"7152",636014394
"7153",650000183
"7154",525501972
"7155",366855000
"7156",563119300
"7157",548406700
"7158",257761000
"7159",374146000
"7160",636014368
"7161",355789000
"7162",241365000
"7163",248895000
"7164",403510000
"7165",477117800
"7166",538007495
"7167",248330000
"7168",563217200
"7169",636023942
"7170",563041600
"7171",538005770
"7172",636021590
"7173",248720000
"7174",636023272
"7175",538012270
"7176",241343000
"7177",538003348
"7178",241908000
"7179",355797000
"7180",248167000
"7181",273262840
"7182",244660047
"7183",229773000
"7184",241778000
"7185",447152000
"7186",311001115
"7187",352005602
"7188",255916582
"7189",538005680
"7190",235111639
"7191",636019544
"7192",352004125
"7193",477539900
"7194",229582000
"7195",311745000
"7196",636024020
"7197",538011923
"7198",241964000
"7199",636014804
"7200",219029327
"7201",636024280
"7202",511101602
"7203",538012097
"7204",241936000
"7205",374847000
"7206",636022160
"7207",241441000
"7208",563195400
"7209",352986201
"7210",538007184
"7211",667002023
"7212",636015161
"7213",636018568
"7214",563264300
"7215",563252600
"7216",308248000
"7217",636023692
"7218",538010182
"7219",636014974
"7220",273258810
"7221",431000592
"7222",441125000
"7223",352986205
"7224",538011820
"7225",311001729
"7226",477372400
"7227",538005389
"7228",538006977
"7229",232058992
"7230",525201125
"7231",248132000
"7232",355984000
"7233",255916520
"7234",477430300
"7235",613419900
"7236",357285000
"7237",538003018
"7238",538005410
"7239",311001730
"7240",310487000
"7241",232012087
"7242",311001848
"7243",244670156
"7244",667002203
"7245",477369300
"7246",636018824
"7247",563321500
"7248",257990000
"7249",352003460
"7250",636024536
"7251",440272000
"7252",567075400
"7253",241890000
"7254",565487000
"7255",650000262
"7256",667001304
"7257",630001209
"7258",316033266
"7259",563226300
"7260",403594001
"7261",413605840
"7262",373705000
"7263",525108028
"7264",548059200
"7265",525019630
"7266",636022535
"7267",352005721
"7268",636014688
"7269",366834000
"7270",636020860
"7271",244002293
"7272",538011662
"7273",413311110
"7274",255806154
"7275",538007787
"7276",538011785
"7277",538007339
"7278",249525000
"7279",636023093
"7280",755021000
"7281",255915943
"7282",538005111
"7283",525121002
"7284",273275160
"7285",636013814
"7286",310378000
"7287",538009197
"7288",636021089
"7289",259228000
"7290",538009085
"7291",636022161
"7292",372916000
"7293",352002449
"7294",525121016
"7295",755079000
"7296",477846500
"7297",636022195
"7298",650000171
"7299",403644001
"7300",215826000
"7301",636021481
"7302",563033900
"7303",352005861
"7304",341312001
"7305",210564000
"7306",228391700
"7307",215474000
"7308",613411302
"7309",636022626
"7310",538007002
"7311",229922000
"7312",567066900
"7313",525018149
"7314",538002917
"7315",241575000
"7316",413179000
"7317",538090623
"7318",257289000
"7319",538007461
"7320",538008905
"7321",567567000
"7322",563172100
"7323",356471000
"7324",477798800
"7325",431005826
"7326",563092200
"7327",538009206
"7328",229083000
"7329",356768000
"7330",413607730
"7331",563212600
"7332",352005301
"7333",354686000
"7334",211464390
"7335",371044000
"7336",241950000
"7337",255916564
"7338",431004883
"7339",228432600
"7340",311001541
"7341",620800113
"7342",351280000
"7343",352001334
"7344",563082200
"7345",563343000
"7346",566453000
"7347",374651000
"7348",235112806
"7349",636022458
"7350",563205800
"7351",548748000
"7352",477745600
"7353",636021960
"7354",374389000
"7355",525018215
"7356",352003631
"7357",636015953
"7358",636017741
"7359",538008899
"7360",403503000
"7361",205456990
"7362",636015517
"7363",636021823
"7364",372101000
"7365",538011772
"7366",249356000
"7367",305022300
"7368",249905000
"7369",371310000
"7370",538006771
"7371",636023107
"7372",636022729
"7373",249286000
"7374",257607000
"7375",563099900
"7376",441027000
"7377",256082000
"7378",538011354
"7379",271040291
"7380",563212100
"7381",257384000
"7382",228451900
"7383",538007154
"7384",636023387
"7385",563172500
"7386",636013348
"7387",353615000
"7388",431018825
"7389",538006100
"7390",357121000
"7391",352001107
"7392",241949000
"7393",431010331
"7394",371720000
"7395",636024247
"7396",431011904
"7397",431028179
"7398",414549000
"7399",241644000
"7400",215510000
"7401",538010560
"7402",567533000
"7403",311001007
"7404",636019296
"7405",257034490
"7406",538090615
"7407",249882000
"7408",538009288
"7409",431000781
"7410",413527660
"7411",563030090
"7412",413976000
"7413",352003034
"7414",563046100
"7415",403511001
"7416",538006181
"7417",249080000
"7418",563078430
"7419",319994000
"7420",353641000
"7421",538007574
"7422",538005632
"7423",538011374
"7424",210606000
"7425",533133702
"7426",538009993
"7427",248292000
"7428",256522000
"7429",636015472
"7430",309599000
"7431",273256410
"7432",566671000
"7433",273376900
"7434",441020000
"7435",477996686
"7436",257658000
"7437",620800240
"7438",219473000
"7439",525018008
"7440",563232200
"7441",636021924
"7442",563133600
"7443",636020894
"7444",219061000
"7445",373638000
"7446",563007400
"7447",613277600
"7448",538003073
"7449",636017792
"7450",538009039
"7451",574004460
"7452",671548100
"7453",240955000
"7454",310479000
"7455",357144000
"7456",710033180
"7457",636025998
"7458",249744000
"7459",636021551
"7460",538007357
"7461",563032500
"7462",538004375
"7463",538008311
"7464",353757000
"7465",538006005
"7466",257973000
"7467",636023960
"7468",563191700
"7469",636015410
"7470",636017837
"7471",431501653
"7472",538012308
"7473",636022701
"7474",356028000
"7475",373028000
"7476",667001259
"7477",538011455
"7478",457900904
"7479",533937000
"7480",241766000
"7481",636025775
"7482",414490000
"7483",356177000
"7484",538009493
"7485",613814700
"7486",271052146
"7487",440047000
"7488",538011843
"7489",667001708
"7490",538009055
"7491",538005355
"7492",636014868
"7493",370066000
"7494",636023889
"7495",525022337
"7496",538008604
"7497",564100000
"7498",667002369
"7499",218000710
"7500",228423700
"7501",431001824
"7502",319489000
"7503",352744000
"7504",352002460
"7505",432495000
"7506",636020407
"7507",629009532
"7508",636018827
"7509",538008887
"7510",431018625
"7511",533132112
"7512",353962000
"7513",563022800
"7514",636010647
"7515",413180000
"7516",258936000
"7517",538006837
"7518",368445000
"7519",353874000
"7520",538008814
"7521",566175000
"7522",636025467
"7523",477212900
"7524",352002874
"7525",538004832
"7526",352005015
"7527",228463600
"7528",255806512
"7529",525200748
"7530",268257503
"7531",273393370
"7532",357149000
"7533",630001199
"7534",566726000
"7535",314115000
"7536",636018241
"7537",416065000
"7538",244170620
"7539",538006684
"7540",636019030
"7541",205352000
"7542",538007428
"7543",241907000
"7544",242560400
"7545",220620000
"7546",636023886
"7547",461000231
"7548",538010988
"7549",636019627
"7550",636024011
"7551",256627000
"7552",564970000
"7553",461000252
"7554",259311000
"7555",525108007
"7556",525004010
"7557",352006014
"7558",538005294
"7559",352003205
"7560",258804000
"7561",636019117
"7562",636021138
"7563",477904400
"7564",525010056
"7565",257678000
"7566",370355000
"7567",613414203
"7568",563195500
"7569",353401000
"7570",538005538
"7571",319103100
"7572",538011465
"7573",636023847
"7574",636024550
"7575",352004832
"7576",352004264
"7577",620999798
"7578",259300000
"7579",629009576
"7580",636023386
"7581",613414602
"7582",636024080
"7583",240788000
"7584",258759000
"7585",563256800
"7586",538006120
"7587",477192100
"7588",563175300
"7589",636024592
"7590",247104400
"7591",241849000
"7592",244700268
"7593",219626000
"7594",567002260
"7595",225420000
"7596",563314100
"7597",249330000
"7598",563103700
"7599",636023959
"7600",565712000
"7601",352003298
"7602",563299400
"7603",538007620
"7604",413848000
"7605",319091800
"7606",256959000
"7607",533132007
"7608",356050000
"7609",538008328
"7610",538012047
"7611",563038800
"7612",538006075
"7613",564751000
"7614",215939000
"7615",538010133
"7616",305496000
"7617",636019995
"7618",210063000
"7619",441782000
"7620",563113600
"7621",311066400
"7622",574002000
"7623",636024863
"7624",477439800
"7625",525015896
"7626",538006504
"7627",636023749
"7628",310719000
"7629",235060303
"7630",255915876
"7631",352004105
"7632",352005642
"7633",636022067
"7634",538003356
"7635",249349000
"7636",563089400
"7637",636017490
"7638",538011989
"7639",636093216
"7640",636015624
"7641",548705000
"7642",241388000
"7643",249306000
"7644",538008706
"7645",238020000
"7646",538006611
"7647",210260000
"7648",636024925
"7649",374816000
"7650",538011533
"7651",352004081
"7652",273263300
"7653",314648000
"7654",355311000
"7655",636020929
"7656",538009902
"7657",605076070
"7658",244820392
"7659",636021211
"7660",564776000
"7661",240894000
"7662",538008330
"7663",636016658
"7664",563158100
"7665",352005692
"7666",525015961
"7667",477168500
"7668",636022848
"7669",538005535
"7670",241529000
"7671",256734000
"7672",461000241
"7673",241390000
"7674",356664000
"7675",372777000
"7676",563070600
"7677",352004128
"7678",636014609
"7679",620800335
"7680",374945000
"7681",209228000
"7682",636018924
"7683",273339480
"7684",477168300
"7685",352001081
"7686",518100675
"7687",538011041
"7688",232027081
"7689",257876000
"7690",636019178
"7691",240893000
"7692",563170200
"7693",538010887
"7694",613741301
"7695",241827000
"7696",357934000
"7697",477859900
"7698",636019806
"7699",563222900
"7700",229084000
"7701",538005397
"7702",563113800
"7703",268251304
"7704",538006447
"7705",667001672
"7706",525119097
"7707",431012332
"7708",431014012
"7709",461000247
"7710",667001665
"7711",755113000
"7712",241422000
"7713",563194700
"7714",352003492
"7715",636014972
"7716",636093036
"7717",636014942
"7718",636025218
"7719",440211000
"7720",566477000
"7721",563269300
"7722",563036200
"7723",259138000
"7724",477945600
"7725",355619000
"7726",258733000
"7727",311027900
"7728",352002628
"7729",538010642
"7730",352986186
"7731",477945900
"7732",215524000
"7733",755001631
"7734",538009123
"7735",538005773
"7736",215769000
"7737",352984000
"7738",477009000
"7739",567000029
"7740",538010613
"7741",636018879
"7742",431000963
"7743",249338000
"7744",538005016
"7745",215726000
"7746",431002973
"7747",241712000
"7748",574003150
"7749",257575000
"7750",354536000
"7751",525008066
"7752",256440000
"7753",636018896
"7754",636024784
"7755",241958000
"7756",563000100
"7757",533130869
"7758",311000227
"7759",311000803
"7760",636024758
"7761",525005396
"7762",413563740
"7763",538011715
"7764",636018743
"7765",563084900
"7766",538008470
"7767",538008331
"7768",566583000
"7769",572286220
"7770",518159063
"7771",403533000
"7772",667001243
"7773",538010973
"7774",352004616
"7775",219406000
"7776",538005174
"7777",259657000
"7778",211664570
"7779",319130800
"7780",538011707
"7781",355321000
"7782",563043900
"7783",636022659
"7784",538012284
"7785",566417000
"7786",636021167
"7787",352004850
"7788",563848000
"7789",249878000
"7790",636022186
"7791",636015704
"7792",241800000
"7793",538004174
"7794",538005826
"7795",755167000
"7796",525008072
"7797",228433700
"7798",636018728
"7799",352005771
"7800",311000221
"7801",533133606
"7802",563270000
"7803",563061200
"7804",319014200
"7805",367455770
"7806",538004792
"7807",370219000
"7808",538009825
"7809",311038500
"7810",248037000
"7811",372560000
"7812",255806419
"7813",563260100
"7814",351758000
"7815",431016957
"7816",636023931
"7817",636018830
"7818",374715000
"7819",249656000
"7820",244620837
"7821",215573000
"7822",563407000
"7823",636018818
"7824",219761000
"7825",538011030
"7826",636021047
"7827",563026400
"7828",563186300
"7829",572278220
"7830",636015589
"7831",431003865
"7832",353984000
"7833",447279000
"7834",211739780
"7835",241745000
"7836",241372000
"7837",538009983
"7838",538005595
"7839",538011287
"7840",632001149
"7841",311000344
"7842",538011942
"7843",236623000
"7844",636092988
"7845",235115082
"7846",257525000
"7847",636022971
"7848",735059140
"7849",574004200
"7850",538004420
"7851",311000444
"7852",563270500
"7853",563272400
"7854",538006010
"7855",352898793
"7856",334963000
"7857",636023792
"7858",538010359
"7859",352001236
"7860",538011645
"7861",370573000
"7862",248949000
"7863",351322000
"7864",538011432
"7865",244650752
"7866",441809000
"7867",241405000
"7868",352003815
"7869",636014506
"7870",563035900
"7871",372796000
"7872",538005292
"7873",374402000
"7874",403586000
"7875",538008947
"7876",538002921
"7877",538009909
"7878",563115600
"7879",567001020
"7880",636025316
"7881",352002373
"7882",538010316
"7883",257514000
"7884",249889000
"7885",229365000
"7886",538011014
"7887",215703000
"7888",538010733
"7889",210056000
"7890",538004410
"7891",567002920
"7892",563189700
"7893",566556000
"7894",414213000
"7895",228408700
"7896",256251000
"7897",431001052
"7898",538005178
"7899",636024694
"7900",538006037
"7901",249340000
"7902",563086900
"7903",241353000
"7904",431004586
"7905",636023877
"7906",431012013
"7907",352005899
"7908",355493000
"7909",431602142
"7910",319488000
"7911",477035900
"7912",241487000
"7913",440343000
"7914",538003924
"7915",636018766
"7916",563260600
"7917",311000971
"7918",255915925
"7919",538009769
"7920",477348600
"7921",636016109
"7922",370783000
"7923",431877000
"7924",538010902
"7925",352002940
"7926",563621000
"7927",538009136
"7928",241779000
"7929",567001690
"7930",477632200
"7931",667001611
"7932",636017742
"7933",370497000
"7934",636020393
"7935",525023228
"7936",248993000
"7937",538009040
"7938",538006769
"7939",370236000
"7940",574005830
"7941",525107022
"7942",259982000
"7943",228003800
"7944",567596000
"7945",636024312
"7946",257373000
"7947",228464600
"7948",565829000
"7949",636015761
"7950",219445000
"7951",538009550
"7952",538011874
"7953",431005666
"7954",563153300
"7955",255916594
"7956",563236700
"7957",352004959
"7958",356671000
"7959",431375000
"7960",247231200
"7961",215583000
"7962",240941000
"7963",432528000
"7964",538002561
"7965",244690471
"7966",477913400
"7967",211781770
"7968",241940000
"7969",538011029
"7970",538008452
"7971",338924264
"7972",636023667
"7973",636018926
"7974",636023417
"7975",636015776
"7976",255916108
"7977",667001237
"7978",538005417
"7979",636025258
"7980",563223100
"7981",319287300
"7982",228463700
"7983",760000500
"7984",229471000
"7985",211628610
"7986",538006196
"7987",538005512
"7988",205685000
"7989",247190400
"7990",636018010
"7991",636014465
"7992",538011239
"7993",667001300
"7994",563270900
"7995",538004147
"7996",564977000
"7997",219647000
"7998",574006350
"7999",370895000
"8000",205214190
"8001",259117000
"8002",265071000
"8003",525119021
"8004",352002606
"8005",232013527
"8006",636022749
"8007",538007771
"8008",563316200
"8009",701098000
"8010",636018469
"8011",636022164
"8012",636018762
"8013",538009860
"8014",352002651
"8015",538011039
"8016",563316700
"8017",248554000
"8018",311001289
"8019",255917253
"8020",210362000
"8021",219027923
"8022",636015177
"8023",636018861
"8024",241493000
"8025",636021385
"8026",355047000
"8027",636016360
"8028",235089774
"8029",636022185
"8030",477232100
"8031",636016406
"8032",256553000
"8033",352001292
"8034",241340000
"8035",525901349
"8036",431009805
"8037",636016660
"8038",352001859
"8039",209997000
"8040",636023307
"8041",219736000
"8042",636017765
"8043",273611590
"8044",538007843
"8045",240221000
"8046",525108023
"8047",538011321
"8048",650000231
"8049",241632000
"8050",241411000
"8051",354996000
"8052",565731000
"8053",249097000
"8054",259034600
"8055",357558000
"8056",241612000
"8057",636016363
"8058",219154000
"8059",477636500
"8060",373225000
"8061",256325000
"8062",538008130
"8063",431011716
"8064",636014501
"8065",636021344
"8066",256916000
"8067",314001115
"8068",538008215
"8069",538010183
"8070",620800066
"8071",244690330
"8072",215578000
"8073",431007803
"8074",219253000
"8075",352004769
"8076",636023598
"8077",538012092
"8078",563321600
"8079",258645000
"8080",273258520
"8081",631010103
"8082",258032000
"8083",538012337
"8084",257376000
"8085",228458700
"8086",241436000
"8087",538008526
"8088",412471000
"8089",311000451
"8090",477229100
"8091",538003455
"8092",477181600
"8093",215785000
"8094",636020832
"8095",525121061
"8096",240715000
"8097",314001093
"8098",461000326
"8099",538008310
"8100",636025059
"8101",538009028
"8102",352005768
"8103",440225000
"8104",538009374
"8105",620800188
"8106",533150045
"8107",215755000
"8108",305333000
"8109",229472000
"8110",477201800
"8111",352004817
"8112",636023954
"8113",636024747
"8114",311001104
"8115",352004165
"8116",229631000
"8117",636019889
"8118",538009651
"8119",477017500
"8120",355048000
"8121",440691000
"8122",563090600
"8123",538010676
"8124",403660000
"8125",563151900
"8126",613710000
"8127",355213000
"8128",351517000
"8129",247373800
"8130",538011532
"8131",255916499
"8132",667002039
"8133",241501000
"8134",636015762
"8135",215253000
"8136",477202200
"8137",574003220
"8138",257723000
"8139",353870000
"8140",229674000
"8141",538003526
"8142",311000846
"8143",477591400
"8144",636014503
"8145",255915947
"8146",352730000
"8147",352005639
"8148",477997034
"8149",372343000
"8150",257811000
"8151",316004328
"8152",319301800
"8153",271046486
"8154",563120600
"8155",229132000
"8156",538005060
"8157",273271860
"8158",538009616
"8159",567001860
"8160",563196600
"8161",273265340
"8162",232027082
"8163",538009213
"8164",636017833
"8165",636022258
"8166",563003300
"8167",750308000
"8168",419672000
"8169",636016138
"8170",374890000
"8171",518999359
"8172",241281000
"8173",273257370
"8174",538011126
"8175",538008072
"8176",228475700
"8177",538005129
"8178",538006080
"8179",636025354
"8180",636015004
"8181",710032990
"8182",273279060
"8183",210147000
"8184",538006542
"8185",574004570
"8186",538006807
"8187",355369000
"8188",403516001
"8189",414732000
"8190",352002692
"8191",538008428
"8192",441243000
"8193",533130781
"8194",636016739
"8195",431014857
"8196",538007953
"8197",355700000
"8198",219057000
"8199",538010469
"8200",563171700
"8201",636017480
"8202",538007001
"8203",538005072
"8204",636021687
"8205",538008329
"8206",563097700
"8207",538004172
"8208",563237200
"8209",372577000
"8210",461000260
"8211",241669000
"8212",636019387
"8213",352005806
"8214",352005005
"8215",538009985
"8216",249213000
"8217",636019913
"8218",374775000
"8219",215307000
"8220",257246000
"8221",311019400
"8222",255916595
"8223",205658000
"8224",538008816
"8225",356818000
"8226",241748000
"8227",211228220
"8228",311038600
"8229",477699100
"8230",538005807
"8231",215496000
"8232",636015596
"8233",215872000
"8234",431017504
"8235",351366000
"8236",255915916
"8237",314845000
"8238",477191100
"8239",613914210
"8240",636021030
"8241",564469000
"8242",219025000
"8243",477538800
"8244",311000472
"8245",477021600
"8246",247293200
"8247",538008065
"8248",311001687
"8249",441586000
"8250",538009022
"8251",636015597
"8252",563123200
"8253",244730707
"8254",257847000
"8255",352003342
"8256",256254000
"8257",271046791
"8258",636023096
"8259",413393960
"8260",372961000
"8261",636022672
"8262",311000760
"8263",210109000
"8264",563108100
"8265",431230000
"8266",563868000
"8267",538007255
"8268",319479000
"8269",352132000
"8270",636021944
"8271",235118385
"8272",538004682
"8273",538011685
"8274",215937000
"8275",205268290
"8276",374597000
"8277",636023657
"8278",567002960
"8279",249015000
"8280",352898732
"8281",241770000
"8282",636019351
"8283",477345800
"8284",636021146
"8285",538011215
"8286",636021164
"8287",311001106
"8288",525801396
"8289",255804290
"8290",636021670
"8291",538007397
"8292",563874000
"8293",373592000
"8294",244129902
"8295",563008900
"8296",567070500
"8297",567073800
"8298",538003100
"8299",538011652
"8300",636014337
"8301",477186200
"8302",636022387
"8303",319446000
"8304",249116000
"8305",352002967
"8306",219249000
"8307",241293000
"8308",256206000
"8309",636014043
"8310",211493390
"8311",538011752
"8312",563177400
"8313",240658000
"8314",538008918
"8315",533180188
"8316",538008381
"8317",477717900
"8318",636023161
"8319",311000374
"8320",413574740
"8321",249311000
"8322",241874000
"8323",563123800
"8324",352001760
"8325",357299000
"8326",636022951
"8327",636018722
"8328",352898688
"8329",352004759
"8330",636015943
"8331",273276930
"8332",253000149
"8333",413613130
"8334",538010358
"8335",311001545
"8336",667002315
"8337",352004090
"8338",564580000
"8339",636019179
"8340",563173900
"8341",667001248
"8342",228451800
"8343",477854400
"8344",256048000
"8345",538006405
"8346",357117000
"8347",636022304
"8348",477809900
"8349",538008978
"8350",215685000
"8351",636021861
"8352",538008336
"8353",636016176
"8354",309992000
"8355",636025397
"8356",356075000
"8357",538008167
"8358",563174800
"8359",477129700
"8360",538006217
"8361",352002925
"8362",636020881
"8363",372648000
"8364",370637000
"8365",636020771
"8366",563202900
"8367",241959000
"8368",372040000
"8369",419001720
"8370",205515690
"8371",525012335
"8372",538009928
"8373",249790000
"8374",538010477
"8375",229553000
"8376",636019156
"8377",310519000
"8378",311605000
"8379",636024975
"8380",613472030
"8381",352002508
"8382",352004215
"8383",319017500
"8384",636019763
"8385",256814000
"8386",538006893
"8387",314153000
"8388",538008415
"8389",431000175
"8390",605076190
"8391",563155400
"8392",636024350
"8393",574004420
"8394",311001190
"8395",636018642
"8396",419001875
"8397",605176090
"8398",310722000
"8399",636024106
"8400",249009000
"8401",477922500
"8402",219028421
"8403",248001000
"8404",642122016
"8405",205681000
"8406",636013354
"8407",220530000
"8408",258267000
"8409",431767000
"8410",636021066
"8411",636021343
"8412",667001236
"8413",563108500
"8414",636024114
"8415",248643000
"8416",636023194
"8417",538007379
"8418",538005270
"8419",636016399
"8420",563221800
"8421",538009770
"8422",565306000
"8423",355511000
"8424",538009347
"8425",352002825
"8426",311001673
"8427",235108619
"8428",477138500
"8429",258239000
"8430",310583000
"8431",636025948
"8432",431000131
"8433",352002842
"8434",538006907
"8435",511101799
"8436",352004858
"8437",357711000
"8438",352002958
"8439",563061100
"8440",636022159
"8441",228475800
"8442",636024397
"8443",215065000
"8444",636023095
"8445",259272000
"8446",352004484
"8447",636011212
"8448",306689000
"8449",636022074
"8450",357870000
"8451",565677000
"8452",211146780
"8453",356178000
"8454",750000042
"8455",255806025
"8456",667001287
"8457",636021552
"8458",538009321
"8459",352002949
"8460",636019701
"8461",232059503
"8462",352002691
"8463",563259900
"8464",636025892
"8465",249551000
"8466",311001111
"8467",538009037
"8468",636015249
"8469",613471021
"8470",636024983
"8471",311000579
"8472",352002015
"8473",525008061
"8474",538007747
"8475",441049000
"8476",565321000
"8477",229353000
"8478",219498000
"8479",636019577
"8480",636016005
"8481",636024083
"8482",538012027
"8483",219029326
"8484",241190000
"8485",256287000
"8486",244850318
"8487",636020921
"8488",538003913
"8489",538009381
"8490",240188500
"8491",636020821
"8492",636017886
"8493",256037000
"8494",422208100
"8495",432831000
"8496",477439400
"8497",563179200
"8498",249462000
"8499",425000020
"8500",538011373
"8501",419002058
"8502",477145800
"8503",567068900
"8504",371458000
"8505",273271660
"8506",215281000
"8507",255915890
"8508",431100283
"8509",477174100
"8510",353230000
"8511",258121000
"8512",667002314
"8513",352001132
"8514",574005750
"8515",636024695
"8516",636024690
"8517",352005010
"8518",219287000
"8519",351533000
"8520",422199900
"8521",271045353
"8522",538011472
"8523",511101845
"8524",538010072
"8525",248974000
"8526",357261000
"8527",403017000
"8528",636025381
"8529",257695000
"8530",477049100
"8531",636022843
"8532",538008165
"8533",211564050
"8534",249078000
"8535",538003218
"8536",613003408
"8537",256928000
"8538",567071700
"8539",538008979
"8540",228444800
"8541",563054200
"8542",636019277
"8543",613511209
"8544",352004150
"8545",563089700
"8546",538011649
"8547",264163292
"8548",235108531
"8549",538009680
"8550",636022406
"8551",258430000
"8552",538004377
"8553",352005660
"8554",538006517
"8555",413558610
"8556",538008487
"8557",563130500
"8558",354184000
"8559",538010062
"8560",538009502
"8561",311001662
"8562",538003019
"8563",271054044
"8564",620999994
"8565",567002870
"8566",538011588
"8567",241879000
"8568",636016098
"8569",310859000
"8570",271046574
"8571",352986139
"8572",273259430
"8573",229581000
"8574",241389000
"8575",538010239
"8576",538010014
"8577",355238000
"8578",370229000
"8579",273271320
"8580",566690000
"8581",636019199
"8582",211622450
"8583",613414707
"8584",273279660
"8585",311000476
"8586",352003303
"8587",636010378
"8588",353007000
"8589",352001583
"8590",273277840
"8591",538005384
"8592",271046920
"8593",636014423
"8594",636023893
"8595",431005339
"8596",636023189
"8597",538010897
"8598",311001046
"8599",477591600
"8600",211591470
"8601",735060549
"8602",563270800
"8603",563175500
"8604",311040100
"8605",352255000
"8606",412351280
"8607",273253130
"8608",572838220
"8609",567072200
"8610",538010649
"8611",563186700
"8612",750481000
"8613",311000635
"8614",538010188
"8615",636024344
"8616",477129800
"8617",370706000
"8618",563090700
"8619",572116220
"8620",538010197
"8621",563204300
"8622",241801000
"8623",538012062
"8624",620999409
"8625",232026670
"8626",314090000
"8627",431012773
"8628",636026080
"8629",356903000
"8630",477615700
"8631",636023193
"8632",447131000
"8633",256992000
"8634",431385000
"8635",304414000
"8636",352002629
"8637",273414840
"8638",636025912
"8639",306002000
"8640",636026116
"8641",538012232
"8642",352003671
"8643",273273450
"8644",538006702
"8645",636015939
"8646",650000120
"8647",273279830
"8648",247387600
"8649",352002786
"8650",352978157
"8651",219682000
"8652",431028441
"8653",538011237
"8654",461000232
"8655",538010453
"8656",636020916
"8657",255915961
"8658",256996000
"8659",219643000
"8660",249836000
"8661",211881630
"8662",636017621
"8663",256332000
"8664",352003060
"8665",219627000
"8666",440384000
"8667",538010465
"8668",247530100
"8669",309296000
"8670",249413000
"8671",538003869
"8672",538006239
"8673",538006198
"8674",538011262
"8675",538005351
"8676",232057631
"8677",352003512
"8678",636024304
"8679",247559000
"8680",431401968
"8681",613661401
"8682",636023912
"8683",352005429
"8684",538008833
"8685",249095000
"8686",477103500
"8687",636020428
"8688",636021193
"8689",271053799
"8690",215931000
"8691",538010470
"8692",636020715
"8693",241891000
"8694",636012378
"8695",431009376
"8696",354658000
"8697",371924000
"8698",667002550
"8699",538006514
"8700",256256000
"8701",215270000
"8702",258383000
"8703",403513001
"8704",352006318
"8705",205578290
"8706",642122019
"8707",241720000
"8708",249187000
"8709",538009532
"8710",352002851
"8711",241355000
"8712",636023780
"8713",412050990
"8714",352004338
"8715",244660515
"8716",413621220
"8717",563125300
"8718",477733100
"8719",563182100
"8720",636019929
"8721",311000246
"8722",244110414
"8723",538012134
"8724",538010117
"8725",345200002
"8726",255916308
"8727",431006332
"8728",477928100
"8729",636016017
"8730",538012099
"8731",253242216
"8732",431015689
"8733",249208000
"8734",636023888
"8735",352003675
"8736",413444430
"8737",538007094
"8738",248959000
"8739",636091554
"8740",538007337
"8741",636021460
"8742",636023597
"8743",253000186
"8744",241977000
"8745",477127300
"8746",229716000
"8747",431000661
"8748",613003744
"8749",219436000
"8750",441523000
"8751",247530400
"8752",636024903
"8753",636091621
"8754",246122000
"8755",205617000
"8756",538011475
"8757",319113500
"8758",235084022
"8759",477257200
"8760",636017140
"8761",256310000
"8762",248962000
"8763",636024552
"8764",338086000
"8765",215401000
"8766",567001572
"8767",636020761
"8768",755004208
"8769",538005166
"8770",356944000
"8771",244670538
"8772",352005828
"8773",461000233
"8774",538003360
"8775",351236000
"8776",241971000
"8777",413499160
"8778",636018849
"8779",352001867
"8780",311000667
"8781",477932400
"8782",533131046
"8783",244001997
"8784",567001970
"8785",219028000
"8786",477979200
"8787",538006238
"8788",211159340
"8789",636023426
"8790",311000140
"8791",636010380
"8792",538009474
"8793",257107350
"8794",636026011
"8795",636023761
"8796",477957300
"8797",219673000
"8798",538011749
"8799",636020072
"8800",636013645
"8801",352003766
"8802",241960000
"8803",447158000
"8804",257594000
"8805",477850600
"8806",605176080
"8807",636019060
"8808",220529000
"8809",273275260
"8810",565458000
"8811",271053990
"8812",636025236
"8813",312153000
"8814",563162700
"8815",431021066
"8816",249384000
"8817",538004071
"8818",538007234
"8819",563216400
"8820",257333335
"8821",538010355
"8822",538008316
"8823",219030705
"8824",636026182
"8825",538010223
"8826",431005858
"8827",431000766
"8828",370476000
"8829",440335000
"8830",538007670
"8831",412439000
"8832",228444700
"8833",414326000
"8834",538008411
"8835",432986000
"8836",755040000
"8837",636093371
"8838",563113500
"8839",227062830
"8840",563264400
"8841",241380000
"8842",431002935
"8843",244371956
"8844",631010099
"8845",563020800
"8846",525119169
"8847",311000583
"8848",636022806
"8849",312059000
"8850",636019497
"8851",305178000
"8852",538010751
"8853",431028721
"8854",259610000
"8855",311017100
"8856",567457000
"8857",636016127
"8858",538012251
"8859",538011190
"8860",636021886
"8861",563472000
"8862",249209000
"8863",477629800
"8864",351458000
"8865",636011305
"8866",548010101
"8867",538009132
"8868",563857000
"8869",477866900
"8870",538010566
"8871",205517000
"8872",352004490
"8873",563294500
"8874",538003667
"8875",677066300
"8876",352001888
"8877",538009405
"8878",257290000
"8879",265078080
"8880",538009548
"8881",255917231
"8882",241570000
"8883",538005372
"8884",533060200
"8885",538009872
"8886",352002093
"8887",477269100
"8888",352004824
"8889",563310800
"8890",538010357
"8891",215553000
"8892",750330000
"8893",563068000
"8894",268245201
"8895",538011922
"8896",538009736
"8897",371513000
"8898",538004169
"8899",567003290
"8900",311000455
"8901",613881403
"8902",755033000
"8903",538011391
"8904",701006411
"8905",219030726
"8906",538006696
"8907",241254000
"8908",219274000
"8909",636025473
"8910",477966300
"8911",241822000
"8912",257426000
"8913",538009098
"8914",255806425
"8915",311000954
"8916",636018011
"8917",525121090
"8918",538007819
"8919",567002270
"8920",538011255
"8921",548651000
"8922",431009043
"8923",563087500
"8924",563318800
"8925",538004854
"8926",414208000
"8927",636021822
"8928",538005215
"8929",563208800
"8930",256372000
"8931",636015164
"8932",241942000
"8933",636025022
"8934",667002270
"8935",463092101
"8936",538008915
"8937",636022165
"8938",431006873
"8939",357843000
"8940",431013076
"8941",273271930
"8942",259577000
"8943",235108534
"8944",241730000
"8945",538011822
"8946",538011595
"8947",538004002
"8948",636019534
"8949",253805000
"8950",636022369
"8951",538004533
"8952",548447500
"8953",413439970
"8954",636025468
"8955",538009214
"8956",563267300
"8957",538006923
"8958",357364000
"8959",563257900
"8960",248616000
"8961",370425000
"8962",538011088
"8963",636025260
"8964",256227000
"8965",273271360
"8966",310584000
"8967",352190000
"8968",353812000
"8969",538005188
"8970",548705200
"8971",538008523
"8972",431101145
"8973",247095300
"8974",265586950
"8975",273250930
"8976",636015522
"8977",249857000
"8978",636020995
"8979",548067205
"8980",667002574
"8981",241367000
"8982",563258100
"8983",353534000
"8984",307080000
"8985",370309000
"8986",538009036
"8987",374057000
"8988",356690000
"8989",477539300
"8990",636024984
"8991",371367000
"8992",447097000
"8993",419002025
"8994",352901000
"8995",613561602
"8996",311000224
"8997",563256700
"8998",538009014
"8999",431004588
"9000",431000449
"9001",374549000
"9002",538009599
"9003",265079640
"9004",548788200
"9005",413349650
"9006",563186800
"9007",636011265
"9008",636018915
"9009",565685000
"9010",352003734
"9011",372861000
"9012",268258303
"9013",538008655
"9014",255805583
"9015",538008704
"9016",613271012
"9017",636023680
"9018",354104000
"9019",755058000
"9020",563126800
"9021",441102000
"9022",311000636
"9023",548358500
"9024",548800200
"9025",538009743
"9026",538011161
"9027",352003145
"9028",642122014
"9029",563256900
"9030",538007153
"9031",405000415
"9032",538011005
"9033",548798200
"9034",636013708
"9035",477621300
"9036",538009824
"9037",257012480
"9038",461000258
"9039",258390000
"9040",538008079
"9041",241444000
"9042",352005703
"9043",636023883
"9044",636026112
"9045",311001728
"9046",355107000
"9047",548728200
"9048",477881600
"9049",219495000
"9050",255915972
"9051",241079000
"9052",431000968
"9053",548933200
"9054",636013026
"9055",247301100
"9056",538007364
"9057",538008944
"9058",636014923
"9059",525023278
"9060",636023613
"9061",548317500
"9062",352980843
"9063",548653200
"9064",548744200
"9065",477212300
"9066",668116291
"9067",538003828
"9068",431639000
